"mcc","mnc","country_code","country","network"
"202","01","gr","Greece","Cosmote"
"202","02","gr","Greece","Cosmote"
"202","03","gr","Greece","OTE"
"202","04","gr","Greece","OSE"
"202","05","gr","Greece","Vodafone"
"202","07","gr","Greece","AMD Telecom"
"202","09","gr","Greece","Wind"
"202","10","gr","Greece","Wind"
"202","12","gr","Greece","Yuboto"
"202","14","gr","Greece","CyTa Mobile"
"202","15","gr","Greece","BWS"
"202","16","gr","Greece","Inter Telecom"
"202","299","gr","Greece","AMD Telecom"
"202","999","gr","Greece","Fix Line"
"204","00","nl","Netherlands","Intovoice"
"204","02","nl","Netherlands","T-Mobile"
"204","03","nl","Netherlands","Voiceworks Mobile"
"204","04","nl","Netherlands","Vodafone"
"204","05","nl","Netherlands","ElephantTalk"
"204","06","nl","Netherlands","Vectone Mobile"
"204","07","nl","Netherlands","Move / Teleena"
"204","08","nl","Netherlands","KPN"
"204","09","nl","Netherlands","Lycamobile"
"204","10","nl","Netherlands","KPN"
"204","12","nl","Netherlands","KPN"
"204","14","nl","Netherlands","6GMOBILE BV"
"204","15","nl","Netherlands","Ziggo"
"204","16","nl","Netherlands","T-Mobile"
"204","17","nl","Netherlands","Intercity Mobile Communications BV"
"204","18","nl","Netherlands","Ziggo Services"
"204","20","nl","Netherlands","T-Mobile"
"204","21","nl","Netherlands","ProRail"
"204","23","nl","Netherlands","KORE"
"204","24","nl","Netherlands","Private Mobility"
"204","26","nl","Netherlands","SpeakUp"
"204","27","nl","Netherlands","L-mobi"
"204","28","nl","Netherlands","Lancelot"
"204","29","nl","Netherlands","Tismi"
"204","299","nl","Netherlands","88 mobile"
"204","30","nl","Netherlands","ASPIDER Solutions"
"204","33","nl","Netherlands","Truphone"
"204","63","nl","Netherlands","MessageBird"
"204","68","nl","Netherlands","Unify Mobile"
"204","69","nl","Netherlands","KPN"
"204","98","nl","Netherlands","T-Mobile"
"204","999","nl","Netherlands","Fix Line"
"206","00","be","Belgium","Proximus"
"206","01","be","Belgium","Proximus"
"206","02","be","Belgium","Infrabel"
"206","04","be","Belgium","Proximus"
"206","05","be","Belgium","Telenet Mobile"
"206","06","be","Belgium","Lycamobile"
"206","07","be","Belgium","Vectone Mobile"
"206","08","be","Belgium","VOOmobile"
"206","10","be","Belgium","Mobistar / Orange"
"206","20","be","Belgium","Base"
"206","23","be","Belgium","Dust Mobile"
"206","25","be","Belgium","Dense Air"
"206","28","be","Belgium","BICS"
"206","299","be","Belgium","GianCom"
"206","30","be","Belgium","Mobile Vikings"
"206","33","be","Belgium","Ericsson"
"206","34","be","Belgium","onoff"
"206","99","be","Belgium","Lancelot"
"206","999","be","Belgium","Fix Line"
"208","00","fr","France","Tel/Tel"
"208","01","fr","France","Orange"
"208","02","fr","France","Orange"
"208","03","fr","France","MobiquiThings"
"208","04","fr","France","Axialys"
"208","05","fr","France","GlobalStar"
"208","06","fr","France","GlobalStar"
"208","07","fr","France","GlobalStar"
"208","08","fr","France","SFR"
"208","09","fr","France","SFR"
"208","10","fr","France","SFR"
"208","11","fr","France","SFR"
"208","12","fr","France","Truphone"
"208","13","fr","France","SFR"
"208","14","fr","France","Free Mobile"
"208","15","fr","France","Free Mobile"
"208","16","fr","France","Free Mobile"
"208","17","fr","France","Legos"
"208","20","fr","France","Bouygues Telecom"
"208","21","fr","France","Bouygues Telecom"
"208","22","fr","France","Transatel"
"208","23","fr","France","Hub One"
"208","24","fr","France","MobiquiThings"
"208","25","fr","France","Lycamobile"
"208","26","fr","France","NRJ"
"208","27","fr","France","Coriolis"
"208","28","fr","France","Airmob"
"208","29","fr","France","Orange"
"208","299","fr","France","Add-On Multimedia"
"208","30","fr","France","Syma Mobile"
"208","31","fr","France","Vectone Mobile"
"208","32","fr","France","Orange"
"208","34","fr","France","Cellhire"
"208","35","fr","France","Free Mobile"
"208","36","fr","France","Free Mobile"
"208","37","fr","France","IP Directions"
"208","38","fr","France","Lebara"
"208","39","fr","France","Networth Telecom"
"208","88","fr","France","Bouygues Telecom"
"208","89","fr","France","Hub One"
"208","91","fr","France","Orange"
"208","92","fr","France","IP Directions"
"208","94","fr","France","Halys"
"208","999","fr","France","Fix Line"
"212","01","mc","Monaco","Monaco Telecom"
"212","10","mc","Monaco","Monaco Telecom"
"213","03","ad","Andorra","Andorra Telecom / Mobiland"
"214","01","es","Spain","Vodafone"
"214","02","es","Spain","Alta Tecnologia en Comunicacions"
"214","03","es","Spain","Orange"
"214","04","es","Spain","Yoigo"
"214","05","es","Spain","Movistar"
"214","06","es","Spain","Vodafone"
"214","07","es","Spain","Movistar"
"214","08","es","Spain","Euskaltel Movil"
"214","09","es","Spain","Orange"
"214","10","es","Spain","Zinnia"
"214","11","es","Spain","Orange"
"214","12","es","Spain","Venus Movil"
"214","14","es","Spain","Avatel Movil"
"214","15","es","Spain","BT Espana  SAU"
"214","16","es","Spain","mobil R"
"214","17","es","Spain","mobil R"
"214","18","es","Spain","Cableuropa SAU (ONO)"
"214","19","es","Spain","Simyo"
"214","20","es","Spain","fonYou Wireless SL"
"214","21","es","Spain","Orange"
"214","22","es","Spain","Digi.Mobil"
"214","23","es","Spain","Yoigo"
"214","25","es","Spain","Lycamobile"
"214","26","es","Spain","Lleida"
"214","27","es","Spain","Truphone"
"214","29","es","Spain","Yoigo"
"214","299","es","Spain","You Mobile"
"214","32","es","Spain","ION Mobile"
"214","33","es","Spain","Yoigo"
"214","34","es","Spain","ION MOBILE"
"214","35","es","Spain","SUMA movil"
"214","36","es","Spain","Alai"
"214","37","es","Spain","Vodafone"
"214","38","es","Spain","Movistar"
"214","999","es","Spain","Fix Line"
"216","01","hu","Hungary","Telenor"
"216","02","hu","Hungary","MVM NET"
"216","03","hu","Hungary","Digi"
"216","299","hu","Hungary","Vidanet"
"216","30","hu","Hungary","Telekom"
"216","70","hu","Hungary","Vodafone"
"216","71","hu","Hungary","Vodafone"
"216","999","hu","Hungary","Fix line"
"218","03","ba","Bosnia and Herzegovina","Eronet"
"218","05","ba","Bosnia and Herzegovina","m:tel"
"218","90","ba","Bosnia and Herzegovina","BH Mobile"
"219","01","hr","Croatia","T-Mobile"
"219","02","hr","Croatia","Telemach / Tele2"
"219","10","hr","Croatia","A1 / VIP"
"219","12","hr","Croatia","TELE FOCUS"
"219","999","hr","Croatia","Fix Line"
"220","01","rs","Serbia","Telenor"
"220","02","rs","Serbia","Telenor"
"220","03","rs","Serbia","MTS"
"220","05","rs","Serbia","VIP"
"220","11","rs","Serbia","Globaltel"
"220","20","rs","Serbia","VIP"
"220","299","rs","Serbia","Failed Calls"
"221","01","xk","Kosovo","Vala"
"221","02","xk","Kosovo","IPKO"
"221","03","xk","Kosovo","MTS"
"221","06","xk","Kosovo","Dardafon.Net LLC"
"221","07","xk","Kosovo","D3 mobile"
"221","299","xk","Kosovo","MTS"
"222","00","it","Italy","VOIP Line"
"222","01","it","Italy","TIM"
"222","02","it","Italy","Elsacom"
"222","06","it","Italy","Vodafone"
"222","07","it","Italy","Noverca Italia"
"222","08","it","Italy","Fastweb"
"222","10","it","Italy","Vodafone"
"222","299","it","Italy","Webcom"
"222","30","it","Italy","RFI"
"222","33","it","Italy","Poste Mobile"
"222","34","it","Italy","BT mobile"
"222","35","it","Italy","Lycamobile"
"222","36","it","Italy","Digi"
"222","37","it","Italy","WindTre / Hi3G"
"222","39","it","Italy","SMS.it / LINK Mobility"
"222","40","it","Italy","Agile Telecom"
"222","42","it","Italy","Enel"
"222","43","it","Italy","Telecom Italia Mobile"
"222","44","it","Italy","Mundio"
"222","48","it","Italy","Telecom Italia Mobile"
"222","49","it","Italy","Vianova Mobile"
"222","50","it","Italy","Iliad"
"222","51","it","Italy","ho."
"222","53","it","Italy","CoopVoce"
"222","54","it","Italy","Plintron"
"222","56","it","Italy","spusu"
"222","58","it","Italy","rdcom"
"222","77","it","Italy","IPSE 2000"
"222","88","it","Italy","WindTre / WIND"
"222","99","it","Italy","WindTre / Hi3G"
"222","999","it","Italy","Fix Line"
"225","299","va","Vatican","Failed Calls"
"226","01","ro","Romania","Vodafone"
"226","02","ro","Romania","Telekom"
"226","03","ro","Romania","Telekom"
"226","04","ro","Romania","Telekom Romania"
"226","05","ro","Romania","Digi Mobil"
"226","06","ro","Romania","Telekom Romania"
"226","10","ro","Romania","Orange"
"226","11","ro","Romania","Enigma Systems"
"226","16","ro","Romania","Lycamobile"
"226","299","ro","Romania","Iristel"
"228","01","ch","Switzerland","Swisscom"
"228","02","ch","Switzerland","Sunrise"
"228","03","ch","Switzerland","Salt Mobile"
"228","05","ch","Switzerland","Comfone"
"228","06","ch","Switzerland","SBB"
"228","07","ch","Switzerland","Sunrise"
"228","08","ch","Switzerland","Sunrise"
"228","09","ch","Switzerland","Comfone"
"228","12","ch","Switzerland","Sunrise"
"228","51","ch","Switzerland","relario"
"228","52","ch","Switzerland","Mundio Mobile AG"
"228","53","ch","Switzerland","Sunrise"
"228","54","ch","Switzerland","Lycamobile"
"228","58","ch","Switzerland","Beeone"
"228","59","ch","Switzerland","Vectone Mobile"
"228","60","ch","Switzerland","Sunrise"
"228","62","ch","Switzerland","Telecom26"
"228","65","ch","Switzerland","Nexphone"
"228","66","ch","Switzerland","Inovia"
"228","69","ch","Switzerland","MTEL"
"228","70","ch","Switzerland","Tismi"
"228","999","ch","Switzerland","Fix Line"
"230","01","cz","Czech Republic","T-Mobile"
"230","02","cz","Czech Republic","O2"
"230","03","cz","Czech Republic","Vodafone"
"230","04","cz","Czech Republic","Nordic Telecom"
"230","05","cz","Czech Republic","PODA"
"230","07","cz","Czech Republic","T-Mobile"
"230","08","cz","Czech Republic","Compatel"
"230","09","cz","Czech Republic","Uniphone"
"230","299","cz","Czech Republic","Uniphone"
"230","98","cz","Czech Republic","SZDC"
"230","99","cz","Czech Republic","Vodafone"
"230","999","cz","Czech Republic","Fix Line"
"231","01","sk","Slovakia","Orange"
"231","02","sk","Slovakia","Telekom"
"231","03","sk","Slovakia","Swan / 4ka"
"231","04","sk","Slovakia","Telekom"
"231","05","sk","Slovakia","Orange"
"231","06","sk","Slovakia","O2"
"231","07","sk","Slovakia","Orange"
"231","08","sk","Slovakia","Uniphone"
"231","15","sk","Slovakia","Orange"
"231","299","sk","Slovakia","Vonage"
"231","50","sk","Slovakia","Telekom"
"231","99","sk","Slovakia","ZSR"
"232","01","at","Austria","A1 Telekom"
"232","02","at","Austria","A1 Telekom"
"232","03","at","Austria","T-Mobile / Magenta"
"232","04","at","Austria","T-Mobile / Magenta"
"232","05","at","Austria","Hutchinson Drei"
"232","06","at","Austria","Hutchison Drei / 3"
"232","07","at","Austria","T-Mobile / Magenta"
"232","08","at","Austria","A1 Telekom"
"232","09","at","Austria","A1 Telekom"
"232","10","at","Austria","Hutchinson Drei"
"232","11","at","Austria","A1 Telekom"
"232","12","at","Austria","A1 Telekom"
"232","13","at","Austria","T-Mobile / Magenta"
"232","14","at","Austria","Hutchinson Drei"
"232","15","at","Austria","T-Mobile / Magenta"
"232","16","at","Austria","Hutchinson Drei"
"232","17","at","Austria","Mass Response Service"
"232","18","at","Austria","smartspace"
"232","19","at","Austria","Hutchinson Drei"
"232","20","at","Austria","Mtel"
"232","22","at","Austria","Plintron"
"232","23","at","Austria","T-Mobile / Magenta"
"232","24","at","Austria","Smartel Services"
"232","25","at","Austria","Holding Graz"
"232","26","at","Austria","LIWEST Mobil"
"232","27","at","Austria","Tismi"
"232","299","at","Austria","Tismi"
"232","91","at","Austria","OBB Infrastruktur"
"232","999","at","Austria","Fix Line"
"234","00","gb","United Kingdom","BT Group"
"234","01","gb","United Kingdom","Vectone Mobile"
"234","02","gb","United Kingdom","O2"
"234","03","gb","United Kingdom","Jersey Airtel"
"234","04","gb","United Kingdom","FMS Solutions"
"234","07","gb","United Kingdom","Vodafone"
"234","08","gb","United Kingdom","BT OnePhone"
"234","09","gb","United Kingdom","Tismi"
"234","10","gb","United Kingdom","O2"
"234","11","gb","United Kingdom","O2"
"234","12","gb","United Kingdom","Network Rail"
"234","13","gb","United Kingdom","Network Rail"
"234","14","gb","United Kingdom","LINK Mobility"
"234","15","gb","United Kingdom","Vodafone"
"234","16","gb","United Kingdom","Talk Talk"
"234","17","gb","United Kingdom","FlexTel"
"234","18","gb","United Kingdom","Cloud9"
"234","19","gb","United Kingdom","TeleWare"
"234","20","gb","United Kingdom","3"
"234","22","gb","United Kingdom","Telesign Mobile"
"234","23","gb","United Kingdom","Icron Network"
"234","24","gb","United Kingdom","Greenfone"
"234","25","gb","United Kingdom","Truphone"
"234","26","gb","United Kingdom","Lycamobile"
"234","27","gb","United Kingdom","Vodafone"
"234","28","gb","United Kingdom","Marathon Telecom"
"234","29","gb","United Kingdom","aql"
"234","30","gb","United Kingdom","T-Mobile"
"234","31","gb","United Kingdom","T-Mobile"
"234","32","gb","United Kingdom","T-Mobile"
"234","33","gb","United Kingdom","Orange"
"234","34","gb","United Kingdom","Orange"
"234","35","gb","United Kingdom","JSC Ingenicum"
"234","36","gb","United Kingdom","Sure Isle of Man"
"234","37","gb","United Kingdom","Synectiv"
"234","38","gb","United Kingdom","Virgin Mobile"
"234","39","gb","United Kingdom","Gamma Mobile"
"234","40","gb","United Kingdom","spusu"
"234","50","gb","United Kingdom","JT Mobile"
"234","51","gb","United Kingdom","now broadband"
"234","55","gb","United Kingdom","Sure Guernsey"
"234","56","gb","United Kingdom","NCSC"
"234","57","gb","United Kingdom","Sky"
"234","58","gb","United Kingdom","Manx Telecom Mobile"
"234","71","gb","United Kingdom","Home Office"
"234","72","gb","United Kingdom","Hanhaa Mobile"
"234","74","gb","United Kingdom","Pareteum"
"234","75","gb","United Kingdom","Mass Response Service GmbH"
"234","76","gb","United Kingdom","BT Group"
"234","77","gb","United Kingdom","Vodafone"
"234","78","gb","United Kingdom","Airwave"
"234","89","gb","United Kingdom","Vodafone"
"234","91","gb","United Kingdom","Vodafone"
"234","92","gb","United Kingdom","Vodafone"
"234","94","gb","United Kingdom","3"
"234","95","gb","United Kingdom","Network Rail"
"234","99","gb","United Kingdom","Ziron"
"234","998","gb","United Kingdom","Virgin Mobile"
"234","999","gb","United Kingdom","Fix Line"
"235","02","gb","United Kingdom","Everyth. Ev.wh."
"238","01","dk","Denmark","TDC"
"238","02","dk","Denmark","Telenor"
"238","03","dk","Denmark","Syniverse Technologies"
"238","04","dk","Denmark","Nexcon.io"
"238","05","dk","Denmark",NULL
"238","06","dk","Denmark","3"
"238","07","dk","Denmark","Mundio Mobile"
"238","08","dk","Denmark","Voxbone / Bandwidth"
"238","10","dk","Denmark","TDC"
"238","12","dk","Denmark","Lycamobile"
"238","13","dk","Denmark","Compatel"
"238","14","dk","Denmark","Monty Mobile"
"238","15","dk","Denmark","Net 1"
"238","16","dk","Denmark","Tismi"
"238","17","dk","Denmark","Gotanet"
"238","20","dk","Denmark","Telia"
"238","23","dk","Denmark","Banedanmark"
"238","25","dk","Denmark","Viahub"
"238","28","dk","Denmark","LINK Mobility"
"238","30","dk","Denmark","Telia"
"238","42","dk","Denmark","Greenwave"
"238","73","dk","Denmark","Onomondo"
"238","77","dk","Denmark","Telenor"
"238","88","dk","Denmark","Cobira"
"238","96","dk","Denmark","Telia"
"238","999","dk","Denmark","Fix Line"
"240","01","se","Sweden","Telia"
"240","02","se","Sweden","3"
"240","03","se","Sweden","Net 1"
"240","04","se","Sweden","Telenor"
"240","05","se","Sweden","Tele2"
"240","06","se","Sweden","Telenor"
"240","07","se","Sweden","Tele2"
"240","08","se","Sweden","Telenor"
"240","09","se","Sweden","Com4"
"240","10","se","Sweden","Spring Mobil AB"
"240","11","se","Sweden","Com Hem"
"240","12","se","Sweden","Lycamobile"
"240","13","se","Sweden","A3"
"240","14","se","Sweden","Tele2"
"240","15","se","Sweden","Sierra Wireless Sweden AB"
"240","16","se","Sweden","42 Telecom AB"
"240","17","se","Sweden","Gotanet"
"240","18","se","Sweden","Messit / Minicall"
"240","19","se","Sweden","Vectone Mobile"
"240","20","se","Sweden","Sierra Wireless"
"240","21","se","Sweden","Trafikverket"
"240","22","se","Sweden","EUtel"
"240","23","se","Sweden","Infobip"
"240","24","se","Sweden","Telenor"
"240","25","se","Sweden","Monty Mobile"
"240","26","se","Sweden","Twilio"
"240","27","se","Sweden","Globetouch"
"240","28","se","Sweden","LINK Mobility"
"240","29","se","Sweden","MI Carrier Services"
"240","30","se","Sweden","NextGen Mobile Ltd (CardBoardFish)"
"240","31","se","Sweden","Rebtel"
"240","32","se","Sweden","Compatel"
"240","33","se","Sweden","Mobile Arts"
"240","35","se","Sweden","42 Telecom"
"240","36","se","Sweden","interactive digital media / IDM"
"240","37","se","Sweden","Sinch"
"240","38","se","Sweden","Voxbone / Bandwidth"
"240","39","se","Sweden","Primlight"
"240","40","se","Sweden","Netmore"
"240","42","se","Sweden","Telenor Connexion"
"240","43","se","Sweden","MobiWeb"
"240","44","se","Sweden","Telenabler"
"240","45","se","Sweden","Spirius"
"240","46","se","Sweden","Viahub"
"240","47","se","Sweden","Viatel"
"240","48","se","Sweden","Tismi"
"240","63","se","Sweden","Fink Telecom"
"240","999","se","Sweden","Fix Line"
"242","01","no","Norway","Telenor"
"242","017","no","Norway","Ventelo AS"
"242","02","no","Norway","Telia / NetCom"
"242","03","no","Norway","Teletopia"
"242","04","no","Norway","Tele2"
"242","05","no","Norway","Network Norway"
"242","06","no","Norway","ICE"
"242","07","no","Norway","Ventelo AS"
"242","08","no","Norway","Telia / NetCom"
"242","09","no","Norway","Com4"
"242","10","no","Norway","Nkom"
"242","12","no","Norway","Telenor"
"242","14","no","Norway","ICE"
"242","15","no","Norway","eRate"
"242","16","no","Norway","Iristel"
"242","20","no","Norway","BANE NOR"
"242","21","no","Norway","BANE NOR"
"242","22","no","Norway","Altibox Mobil"
"242","23","no","Norway","Lycamobile"
"242","299","no","Norway","unifon"
"242","999","no","Norway","Fix Line"
"244","03","fi","Finland","DNA"
"244","04","fi","Finland","DNA"
"244","05","fi","Finland","Elisa"
"244","06","fi","Finland","Elisa"
"244","07","fi","Finland","NSN"
"244","08","fi","Finland","NSN"
"244","09","fi","Finland","NSN"
"244","10","fi","Finland","TDC Oy Finland"
"244","11","fi","Finland","Viahub"
"244","12","fi","Finland","DNA"
"244","13","fi","Finland","DNA"
"244","14","fi","Finland","Alcom"
"244","15","fi","Finland","Telit"
"244","21","fi","Finland","Elisa"
"244","24","fi","Finland","Nord Connect"
"244","26","fi","Finland","Compatel"
"244","299","fi","Finland","Twilio"
"244","32","fi","Finland","Voxbone / Bandwidth"
"244","33","fi","Finland","VIRVE"
"244","35","fi","Finland","Ukko Mobile"
"244","36","fi","Finland","Telia"
"244","37","fi","Finland","Tismi"
"244","38","fi","Finland","NSN"
"244","39","fi","Finland","NSN"
"244","40","fi","Finland","NSN"
"244","41","fi","Finland","NSN"
"244","42","fi","Finland","Viahub"
"244","43","fi","Finland","Telavox"
"244","45","fi","Finland","VIRVE"
"244","46","fi","Finland","VIRVE"
"244","47","fi","Finland","VIRVE"
"244","82","fi","Finland","interactive digital media / IDM"
"244","91","fi","Finland","Telia"
"246","01","lt","Lithuania","Telia"
"246","02","lt","Lithuania","Bite"
"246","03","lt","Lithuania","Tele2"
"246","05","lt","Lithuania","LTG"
"246","06","lt","Lithuania","Mediafon"
"246","299","lt","Lithuania","Teletel"
"247","01","lv","Latvia","LMT"
"247","02","lv","Latvia","Tele2"
"247","03","lv","Latvia","TRIATEL"
"247","04","lv","Latvia","Tet"
"247","05","lv","Latvia","Bite"
"247","06","lv","Latvia","SIA Rigatta"
"247","07","lv","Latvia","SIA Master Telecom"
"247","08","lv","Latvia","VENTA Mobile"
"247","09","lv","Latvia","XOmobile"
"247","10","lv","Latvia","LMT"
"247","299","lv","Latvia","Premium Numbers"
"248","01","ee","Estonia","Telia"
"248","02","ee","Estonia","Elisa"
"248","03","ee","Estonia","Tele2"
"248","04","ee","Estonia","TravelSim"
"248","13","ee","Estonia","Telia"
"250","01","ru","Russia","MTS"
"250","02","ru","Russia","Megafon"
"250","03","ru","Russia","NCC"
"250","04","ru","Russia","Sibchallenge"
"250","05","ru","Russia","Tele2/ECC/Volgogr."
"250","07","ru","Russia","ZAO SMARTS"
"250","09","ru","Russia","Skylink"
"250","10","ru","Russia","DTC/Don Telecom"
"250","11","ru","Russia","Yota"
"250","12","ru","Russia","Tele2"
"250","13","ru","Russia","Kuban GSM"
"250","15","ru","Russia","ZAO SMARTS"
"250","16","ru","Russia","NTC"
"250","17","ru","Russia","UralTel"
"250","19","ru","Russia","OJSC Altaysvyaz"
"250","20","ru","Russia","Tele2"
"250","28","ru","Russia","BeeLine/VimpelCom"
"250","299","ru","Russia","VTB Mobile"
"250","32","ru","Russia","Win Mobile"
"250","33","ru","Russia","SEVTELECOM"
"250","34","ru","Russia","Krymtelecom"
"250","35","ru","Russia","Motiv"
"250","39","ru","Russia","UralTel"
"250","42","ru","Russia","MTT"
"250","44","ru","Russia","StavTelesot"
"250","48","ru","Russia","Global Telecom"
"250","54","ru","Russia","Letai Mobile"
"250","55","ru","Russia","Glonass"
"250","57","ru","Russia","Matrix Mobile"
"250","60","ru","Russia","Volna Mobile"
"250","77","ru","Russia","Glonass"
"250","92","ru","Russia","Printelefone"
"250","93","ru","Russia","Telecom XXL"
"250","99","ru","Russia","Beeline"
"250","999","ru","Russia","Fix Line"
"255","01","ua","Ukraine","Vodafone"
"255","02","ua","Ukraine","Kyivstar"
"255","03","ua","Ukraine","KyivStar"
"255","04","ua","Ukraine","IT"
"255","05","ua","Ukraine","Golden Telecom"
"255","06","ua","Ukraine","lifecell"
"255","07","ua","Ukraine","3Mob"
"255","21","ua","Ukraine","PEOPLEnet"
"255","39","ua","Ukraine","Golden Telecom"
"255","50","ua","Ukraine","Vodafone"
"255","67","ua","Ukraine","KyivStar"
"255","68","ua","Ukraine","Kyivstar"
"255","99","ua","Ukraine","Phoenix"
"257","01","by","Belarus","velcom A1"
"257","02","by","Belarus","MTS"
"257","03","by","Belarus","BelCel JV"
"257","04","by","Belarus","life:)"
"259","01","md","Moldova","Orange"
"259","02","md","Moldova","Moldcell"
"259","03","md","Moldova","Unite"
"259","04","md","Moldova","Eventis Mobile"
"259","05","md","Moldova","Unite"
"259","99","md","Moldova","Unite"
"260","01","pl","Poland","Plus"
"260","02","pl","Poland","T-Mobile"
"260","03","pl","Poland","Orange"
"260","04","pl","Poland","Aero2"
"260","05","pl","Poland","Orange"
"260","06","pl","Poland","Play"
"260","07","pl","Poland","Netia"
"260","08","pl","Poland","e-Telko"
"260","09","pl","Poland","Lycamobile"
"260","10","pl","Poland","T-Mobile"
"260","11","pl","Poland","Plus"
"260","12","pl","Poland","Cyfrowy Polsat"
"260","13","pl","Poland","Move"
"260","14","pl","Poland","Telco Leaders"
"260","15","pl","Poland","Aero2"
"260","16","pl","Poland","Aero2"
"260","17","pl","Poland","Aero2"
"260","18","pl","Poland","AMD Telecom"
"260","19","pl","Poland","NetBalt"
"260","20","pl","Poland","Tismi"
"260","22","pl","Poland","Twilio"
"260","27","pl","Poland","Ntel Solutions"
"260","299","pl","Poland","3S"
"260","32","pl","Poland","Compatel"
"260","34","pl","Poland","T-Mobile"
"260","35","pl","Poland","PKP"
"260","36","pl","Poland","Mundio Mobile Sp. z o.o."
"260","38","pl","Poland","CallFreedom Sp. z o.o."
"260","39","pl","Poland","Voxbone / Bandwidth"
"260","41","pl","Poland","EZ Mobile"
"260","42","pl","Poland","MobiWeb"
"260","45","pl","Poland","Virgin Mobile"
"260","47","pl","Poland","SMSHIGHWAY"
"260","48","pl","Poland","Agile Telecom"
"260","49","pl","Poland","Messagebird"
"260","90","pl","Poland","Polska Spolka Gazownictwa"
"260","97","pl","Poland","Politechnika Lodzka Uczelniane"
"260","98","pl","Poland","Play"
"260","999","pl","Poland","Fix Line"
"262","01","de","Germany","Telekom / T-mobile"
"262","02","de","Germany","Vodafone"
"262","03","de","Germany","Telefonica / E-Plus"
"262","04","de","Germany","Vodafone"
"262","05","de","Germany","Telefonica / E-Plus"
"262","06","de","Germany","Telekom / T-mobile"
"262","07","de","Germany","Telefonica / O2"
"262","08","de","Germany","Telefonica / O2"
"262","09","de","Germany","Vodafone"
"262","10","de","Germany","DB Netz"
"262","11","de","Germany","Telefonica / O2"
"262","12","de","Germany","Telefonica / E-Plus"
"262","13","de","Germany","Bundesamt fĂĽr AusrĂĽstung Informationstechnik und Nutzung der Bundeswehr"
"262","14","de","Germany","Lebara"
"262","16","de","Germany","Telefonica / O2"
"262","17","de","Germany","Telefonica / E-Plus"
"262","20","de","Germany","Telefonica / E-Plus"
"262","21","de","Germany","Multiconnect"
"262","22","de","Germany","sipgate"
"262","23","de","Germany","1&1"
"262","24","de","Germany","TelcoVillage"
"262","299","de","Germany","1&1"
"262","33","de","Germany","sipgate"
"262","42","de","Germany","Vodafone"
"262","43","de","Germany","Lycamobile"
"262","77","de","Germany","Telefonica / E-Plus"
"262","78","de","Germany","Telekom / T-mobile"
"262","999","de","Germany","Fix Line"
"266","01","gi","Gibraltar","Gibtel"
"266","06","gi","Gibraltar","CTS Mobile"
"266","09","gi","Gibraltar","eazi telecom"
"266","299","gi","Gibraltar","GibFibreSpeed"
"266","999","gi","Gibraltar","Fix Line"
"268","01","pt","Portugal","Vodafone"
"268","03","pt","Portugal","NOS"
"268","04","pt","Portugal","Lycamobile"
"268","06","pt","Portugal","MEO"
"268","07","pt","Portugal","NOS"
"268","08","pt","Portugal","MEO"
"268","299","pt","Portugal","NOWO"
"268","80","pt","Portugal","MEO"
"268","91","pt","Portugal","Vodafone"
"268","93","pt","Portugal","NOS"
"268","999","pt","Portugal","Fix Line"
"270","01","lu","Luxembourg","Post"
"270","05","lu","Luxembourg","Luxembourg Online"
"270","10","lu","Luxembourg","Blue Communications"
"270","299","lu","Luxembourg","Bouygues Telecom"
"270","77","lu","Luxembourg","Tango"
"270","81","lu","Luxembourg","e-LUX Mobile"
"270","99","lu","Luxembourg","Orange"
"270","999","lu","Luxembourg","Fix Line"
"272","01","ie","Ireland","Vodafone"
"272","02","ie","Ireland","3"
"272","03","ie","Ireland","Meteor / eir mobile"
"272","04","ie","Ireland","Access Telecom Ltd."
"272","05","ie","Ireland","3"
"272","07","ie","Ireland","Meteor / eir mobile"
"272","08","ie","Ireland","Meteor / eir mobile"
"272","11","ie","Ireland","Tesco Mobile"
"272","13","ie","Ireland","Lycamobile"
"272","15","ie","Ireland","Virgin Media"
"272","17","ie","Ireland","3"
"274","01","is","Iceland","Siminn"
"274","02","is","Iceland","Vodafone"
"274","03","is","Iceland","Vodafone"
"274","04","is","Iceland","Viking Wireless"
"274","05","is","Iceland","Vodafone"
"274","07","is","Iceland","IceCell"
"274","08","is","Iceland","Siminn"
"274","09","is","Iceland","Amitelo"
"274","11","is","Iceland","NOVA"
"274","12","is","Iceland","Vodafone"
"274","16","is","Iceland","Tismi"
"274","31","is","Iceland","Siminn"
"276","01","al","Albania","One / AMC"
"276","02","al","Albania","Vodafone"
"276","03","al","Albania","ALBtelecom Mobile / Eagle"
"276","04","al","Albania","PLUS Communication Sh.a"
"278","01","mt","Malta","Vodafone"
"278","21","mt","Malta","GO Mobile"
"278","30","mt","Malta","GO Mobile"
"278","77","mt","Malta","Melita"
"278","999","mt","Malta","Fix Line"
"280","01","cy","Cyprus","Cytamobile-Vodafone"
"280","02","cy","Cyprus","Cytamobile-Vodafone"
"280","10","cy","Cyprus","Epic / MTN"
"280","20","cy","Cyprus","PrimeTel"
"280","22","cy","Cyprus","Cablenet / Lemontel"
"280","999","cy","Cyprus","Fix Line"
"282","01","ge","Georgia","Geocell"
"282","02","ge","Georgia","MagtiCom"
"282","03","ge","Georgia","Iberiatel Ltd."
"282","04","ge","Georgia","Beeline"
"282","05","ge","Georgia","Silknet"
"282","07","ge","Georgia","GlobalCell"
"282","08","ge","Georgia","Silknet"
"282","10","ge","Georgia","Premium Net"
"282","11","ge","Georgia","Mobilive"
"282","12","ge","Georgia","Telecom 1"
"282","22","ge","Georgia","MyPhone"
"283","01","am","Armenia","Beeline"
"283","04","am","Armenia","KT"
"283","05","am","Armenia","Viva-MTS"
"283","10","am","Armenia","Orange"
"284","01","bg","Bulgaria","A1"
"284","03","bg","Bulgaria","Vivacom"
"284","05","bg","Bulgaria","Telenor"
"284","06","bg","Bulgaria","Vivacom"
"284","11","bg","Bulgaria","Bulsatcom"
"284","13","bg","Bulgaria","T.com"
"286","01","tr","Turkiye","Turkcell"
"286","02","tr","Turkiye","Vodafone"
"286","03","tr","Turkiye","Avea"
"286","04","tr","Turkiye","Avea"
"286","299","tr","Turkiye","Asistan Telekom"
"286","999","tr","Turkiye","Fix Line"
"288","01","fo","Faroe Islands","Faroese Telecom"
"288","02","fo","Faroe Islands","Hey / Kall"
"288","03","fo","Faroe Islands","Tosa"
"289","67","ge","Abkhazia","Aquafon"
"289","68","ge","Abkhazia","A-Mobile"
"289","88","ge","Abkhazia","A-Mobile"
"290","01","gl","Greenland","Tele Greenland"
"292","01","sm","San Marino","Prima"
"292","299","sm","San Marino","TeleneT"
"293","10","si","Slovenia","Slovenske zeleznice"
"293","20","si","Slovenia","Compatel"
"293","299","si","Slovenia","SoftNET"
"293","40","si","Slovenia","A1 / Si.mobil"
"293","41","si","Slovenia","Mobitel"
"293","64","si","Slovenia","T-2"
"293","70","si","Slovenia","Telemach / Tusmobil"
"293","86","si","Slovenia","Elektro Gorenjska"
"293","999","si","Slovenia","Fix Line"
"294","01","mk","North Macedonia","Telekom"
"294","02","mk","North Macedonia","A1"
"294","03","mk","North Macedonia","VIP Mobile"
"294","04","mk","North Macedonia","Lycamobile"
"294","11","mk","North Macedonia","Mobik"
"294","299","mk","North Macedonia","Telekabel"
"294","75","mk","North Macedonia","A1"
"295","01","li","Liechtenstein","FL GSM"
"295","02","li","Liechtenstein","7acht"
"295","05","li","Liechtenstein","FL1"
"295","06","li","Liechtenstein","CUBIC"
"295","07","li","Liechtenstein","First Mobile AG"
"295","09","li","Liechtenstein","EMnify"
"295","299","li","Liechtenstein","Datamobile"
"295","77","li","Liechtenstein","Alpmobile/Tele2"
"297","01","me","Montenegro","Telenor"
"297","02","me","Montenegro","Telekom / T-mobile"
"297","03","me","Montenegro","Mtel"
"302","220","ca","Canada","Telus Mobility"
"302","320","ca","Canada","mobilicity"
"302","360","ca","Canada","Clearnet"
"302","361","ca","Canada","Clearnet"
"302","370","ca","Canada","FIDO (Rogers AT&T/ Microcell)"
"302","380","ca","Canada","DMTS Mobility"
"302","490","ca","Canada","WIND"
"302","500","ca","Canada","Videotron"
"302","610","ca","Canada","Bell Mobility"
"302","630","ca","Canada","Bell Aliant"
"302","640","ca","Canada","Latitude Wireless"
"302","651","ca","Canada","Bell Mobility"
"302","652","ca","Canada","BC Tel Mobility"
"302","653","ca","Canada","Telus Mobility"
"302","654","ca","Canada","Sask Tel Mobility"
"302","655","ca","Canada","MTS Mobility"
"302","656","ca","Canada","Tbay Mobility"
"302","657","ca","Canada","Quebectel Mobility"
"302","660","ca","Canada","MTS Mobility"
"302","670","ca","Canada","CityWest Mobility"
"302","680","ca","Canada","Sask Tel Mobility"
"302","701","ca","Canada","NB Tel Mobility"
"302","702","ca","Canada","MT&T Mobility"
"302","703","ca","Canada","New Tel Mobility"
"302","710","ca","Canada","Globalstar Canada"
"302","720","ca","Canada","Rogers AT&T Wireless"
"302","760","ca","Canada","Public Mobile"
"302","780","ca","Canada","Sask Tel Mobility"
"308","01","pm","Saint Pierre and Miquelon","Ameris"
"310","003","us","United States of America","Unknown"
"310","004","us","United States of America","Verizon Wireless"
"310","010","us","United States of America","Verizon Wireless"
"310","011","us","United States of America","Northstar"
"310","012","us","United States of America","Verizon Wireless"
"310","013","us","United States of America","Verizon Wireless"
"310","016","us","United States of America","Leap Wireless International Inc."
"310","020","us","United States of America","Union Telephone Co."
"310","030","us","United States of America",NULL
"310","032","gu","Guam","IT&E OverSeas"
"310","033","gu","Guam","Guam Teleph. Auth."
"310","040","us","United States of America","Matanuska Tel. Assn. Inc."
"310","050","us","United States of America",NULL
"310","06","us","United States of America","Consolidated Telcom"
"310","070","us","United States of America","AT&T Wireless Inc."
"310","080","us","United States of America",NULL
"310","090","us","United States of America","Edge Wireless LLC"
"310","100","us","United States of America","Plateau Telecommunications Inc."
"310","120","us","United States of America","Sprint Spectrum"
"310","130","us","United States of America","North Carolina RSA 3 Cellular Tel. Co."
"310","14","us","United States of America","Testing"
"310","140","gu","Guam","GTA Wireless"
"310","15","us","United States of America","Unknown"
"310","150","us","United States of America","AT&T Wireless Inc."
"310","160","us","United States of America","T-Mobile"
"310","170","us","United States of America","AT&T Wireless Inc."
"310","180","us","United States of America","Cingular Wireless"
"310","190","us","United States of America","Unknown"
"310","200","us","United States of America","T-Mobile"
"310","210","us","United States of America","T-Mobile"
"310","220","us","United States of America","T-Mobile"
"310","23","us","United States of America","Unknown"
"310","230","us","United States of America","T-Mobile"
"310","24","us","United States of America","Unknown"
"310","240","us","United States of America","T-Mobile"
"310","25","us","United States of America","Unknown"
"310","250","us","United States of America","T-Mobile"
"310","26","us","United States of America",NULL
"310","260","us","United States of America","T-Mobile"
"310","270","us","United States of America","T-Mobile"
"310","280","us","United States of America","T-Mobile"
"310","290","us","United States of America","NEP Cellcorp Inc."
"310","300","us","United States of America","T-Mobile"
"310","31","us","United States of America","T-Mobile"
"310","310","us","United States of America","T-Mobile"
"310","320","us","United States of America","Smith Bagley Inc."
"310","330","us","United States of America","T-Mobile"
"310","34","us","United States of America","Nevada Wireless LLC"
"310","340","us","United States of America","Westlink Communications LLC"
"310","350","us","United States of America","Mohave Cellular LP"
"310","360","us","United States of America","Cellular Network Partnership LLC"
"310","370","gu","Guam","Docomo"
"310","38","us","United States of America","USA 3650 AT&T"
"310","380","us","United States of America","AT&T Wireless Inc."
"310","390","us","United States of America","Yorkville Telephone Cooperative"
"310","400","us","United States of America","Minnesota South. Wirel. Co. / Hickory"
"310","410","us","United States of America","AT&T Wireless Inc."
"310","420","us","United States of America","Cincinnati Bell Wireless LLC"
"310","430","us","United States of America","GCI Communication Corp."
"310","440","us","United States of America","Dobson Cellular Systems"
"310","450","us","United States of America","Northeast Colorado Cellular Inc."
"310","46","us","United States of America","SIMMETRY"
"310","460","us","United States of America","TMP Corporation"
"310","470","gu","Guam","Docomo"
"310","480","us","United States of America","Choice Phone LLC"
"310","490","us","United States of America","Triton PCS"
"310","500","us","United States of America","Public Service Cellular Inc."
"310","510","us","United States of America","Airtel Wireless LLC"
"310","520","us","United States of America","VeriSign"
"310","530","us","United States of America","West Virginia Wireless"
"310","540","us","United States of America",NULL
"310","560","us","United States of America","AT&T Wireless Inc."
"310","570","us","United States of America","MTPCS LLC"
"310","580","us","United States of America","PCS ONE"
"310","590","us","United States of America","Verizon Wireless"
"310","60","us","United States of America","Consolidated Telcom"
"310","600","us","United States of America","New-Cell Inc."
"310","610","us","United States of America","Elkhart TelCo. / Epic Touch Co."
"310","620","us","United States of America","Coleman County Telco /Trans TX"
"310","630","us","United States of America",NULL
"310","640","us","United States of America",NULL
"310","650","us","United States of America","Jasper"
"310","660","us","United States of America","T-Mobile"
"310","670","us","United States of America","Northstar"
"310","680","us","United States of America","AT&T Wireless Inc."
"310","690","us","United States of America","Keystone Wireless LLC"
"310","700","us","United States of America","Cross Valliant Cellular Partnership"
"310","710","us","United States of America","Arctic Slope Telephone Association Cooperative Inc."
"310","730","us","United States of America","United States Cellular Corp."
"310","740","us","United States of America","Telemetrix Inc."
"310","750","us","United States of America","East Kentucky Network LLC"
"310","760","us","United States of America","Panhandle Telephone Cooperative Inc."
"310","770","us","United States of America","Iowa Wireless Services LLC"
"310","780","us","United States of America","Message Express Co. / Airlink PCS"
"310","790","us","United States of America",NULL
"310","800","us","United States of America","T-Mobile"
"310","830","us","United States of America","Caprock Cellular Ltd."
"310","850","us","United States of America","Aeris Comm. Inc."
"310","860","us","United States of America","Texas RSA 15B2 Limited Partnership"
"310","870","us","United States of America","Kaplan Telephone Company Inc."
"310","880","us","United States of America",NULL
"310","890","us","United States of America","Verizon Wireless"
"310","900","us","United States of America","Cable & Communications Corp."
"310","910","us","United States of America","Verizon Wireless"
"310","920","us","United States of America","Get Mobile Inc."
"310","930","us","United States of America",NULL
"310","940","us","United States of America","Poka Lambro Telco Ltd."
"310","950","us","United States of America","Unknown"
"310","960","us","United States of America","Uintah Basin Electronics Telecommunications Inc."
"310","970","us","United States of America",NULL
"310","980","us","United States of America","AT&T Wireless Inc."
"310","990","us","United States of America","E.N.M.R. Telephone Coop."
"310","999","us","United States of America","Various Networks"
"311","000","us","United States of America",NULL
"311","010","us","United States of America","Missouri RSA No 5 Partnership"
"311","020","us","United States of America","Missouri RSA No 5 Partnership"
"311","030","us","United States of America",NULL
"311","040","us","United States of America",NULL
"311","050","us","United States of America","Thumb Cellular Limited Partnership"
"311","070","us","United States of America","Wisconsin RSA #7 Limited Partnership"
"311","080","us","United States of America",NULL
"311","090","us","United States of America",NULL
"311","100","us","United States of America",NULL
"311","110","us","United States of America","Verizon Wireless"
"311","120","us","United States of America","Choice Phone LLC"
"311","130","us","United States of America",NULL
"311","140","us","United States of America","Cross Wireless Telephone Co."
"311","150","us","United States of America",NULL
"311","170","us","United States of America","PetroCom"
"311","190","us","United States of America",NULL
"311","210","us","United States of America",NULL
"311","220","us","United States of America","United States Cellular Corp."
"311","240","us","United States of America",NULL
"311","250","gu","Guam","Wave Runner LLC"
"311","260","us","United States of America","SLO Cellular Inc / Cellular One of San Luis"
"311","270","us","United States of America","Verizon Wireless"
"311","271","us","United States of America","Verizon Wireless"
"311","272","us","United States of America","Verizon Wireless"
"311","273","us","United States of America","Verizon Wireless"
"311","274","us","United States of America","Verizon Wireless"
"311","275","us","United States of America","Verizon Wireless"
"311","276","us","United States of America","Verizon Wireless"
"311","277","us","United States of America","Verizon Wireless"
"311","278","us","United States of America","Verizon Wireless"
"311","279","us","United States of America","Verizon Wireless"
"311","280","us","United States of America","Verizon Wireless"
"311","281","us","United States of America","Verizon Wireless"
"311","282","us","United States of America","Verizon Wireless"
"311","283","us","United States of America","Verizon Wireless"
"311","284","us","United States of America","Verizon Wireless"
"311","285","us","United States of America","Verizon Wireless"
"311","286","us","United States of America","Verizon Wireless"
"311","287","us","United States of America","Verizon Wireless"
"311","288","us","United States of America","Verizon Wireless"
"311","289","us","United States of America","Verizon Wireless"
"311","300","us","United States of America","Nexus Communications Inc."
"311","310","us","United States of America","Lamar County Cellular"
"311","311","us","United States of America","Farmers"
"311","330","us","United States of America","Michigan Wireless LLC"
"311","340","us","United States of America","Illinois Valley Cellular RSA 2 Partnership"
"311","350","us","United States of America","Sagebrush Cellular Inc."
"311","370","us","United States of America","GCI Communication Corp."
"311","380","us","United States of America",NULL
"311","390","us","United States of America","Verizon Wireless"
"311","410","us","United States of America","Iowa RSA No. 2 Limited Partnership"
"311","420","us","United States of America","Northwest Missouri Cellular Limited Partnership"
"311","430","us","United States of America","RSA 1 Limited Partnership"
"311","440","us","United States of America","Bluegrass Wireless LLC"
"311","460","us","United States of America","Fisher Wireless Services Inc."
"311","480","us","United States of America","Verizon Wireless"
"311","481","us","United States of America","Verizon Wireless"
"311","482","us","United States of America","Verizon Wireless"
"311","483","us","United States of America","Verizon Wireless"
"311","484","us","United States of America","Verizon Wireless"
"311","485","us","United States of America","Verizon Wireless"
"311","486","us","United States of America","Verizon Wireless"
"311","487","us","United States of America","Verizon Wireless"
"311","488","us","United States of America","Verizon Wireless"
"311","489","us","United States of America","Verizon Wireless"
"311","490","us","United States of America","Sprint Spectrum"
"311","500","us","United States of America","Cambridge Telephone Company Inc."
"311","520","us","United States of America",NULL
"311","540","us","United States of America",NULL
"311","590","us","United States of America","California RSA No. 3 Limited Partnership"
"311","610","us","United States of America","North Dakota Network Company"
"311","650","us","United States of America","United Wireless Communications Inc."
"311","660","us","United States of America",NULL
"311","670","us","United States of America","Pine Belt Cellular Inc."
"311","710","us","United States of America","Northeast Wireless Networks LLC"
"311","730","us","United States of America",NULL
"311","740","us","United States of America",NULL
"311","800","us","United States of America","Bluegrass Wireless LLC"
"311","810","us","United States of America","Bluegrass Wireless LLC"
"311","830","us","United States of America","Thumb Cellular Limited Partnership"
"311","860","us","United States of America","Uintah Basin Electronics Telecommunications Inc."
"311","870","us","United States of America","Sprint Spectrum"
"311","880","us","United States of America","Sprint Spectrum"
"311","910","us","United States of America",NULL
"311","920","us","United States of America","Missouri RSA No 5 Partnership"
"312","010","us","United States of America","Missouri RSA No 5 Partnership"
"312","030","us","United States of America","Cross Wireless Telephone Co."
"312","040","us","United States of America","Custer Telephone Cooperative Inc."
"312","090","us","United States of America","Allied Wireless Communications Corporation"
"312","120","us","United States of America","East Kentucky Network LLC"
"312","130","us","United States of America","East Kentucky Network LLC"
"312","160","us","United States of America","RSA 1 Limited Partnership"
"312","170","us","United States of America","Iowa RSA No. 2 Limited Partnership"
"312","180","us","United States of America","Keystone Wireless LLC"
"312","190","us","United States of America","Sprint Spectrum"
"312","220","us","United States of America","Missouri RSA No 5 Partnership"
"312","230","us","United States of America","North Dakota Network Company"
"312","270","us","United States of America","Cellular Network Partnership LLC"
"312","280","us","United States of America","Cellular Network Partnership LLC"
"312","290","us","United States of America","Uintah Basin Electronics Telecommunications Inc."
"312","380","us","United States of America",NULL
"312","530","us","United States of America","Sprint Spectrum"
"316","010","us","United States of America","Sprint Spectrum"
"316","011","us","United States of America","Southern Communications Services Inc."
"330","11","pr","Puerto Rico","Puerto Rico Telephone Company Inc. (PRTC)"
"330","110","pr","Puerto Rico","Puerto Rico Telephone Company Inc. (PRTC)"
"334","01","mx","Mexico","NEXTEL"
"334","010","mx","Mexico","NEXTEL"
"334","02","mx","Mexico","TelCel/America Movil"
"334","020","mx","Mexico","TelCel/America Movil"
"334","03","mx","Mexico","Movistar/Pegaso"
"334","030","mx","Mexico","Movistar/Pegaso"
"334","04","mx","Mexico","AT&T/IUSACell"
"334","040","mx","Mexico","AT&T/IUSACell"
"334","05","mx","Mexico","AT&T/IUSACell"
"334","050","mx","Mexico","AT&T/IUSACell"
"334","060","mx","Mexico","SAI PCS"
"334","070","mx","Mexico","Operadora Unefon SA de CV"
"334","080","mx","Mexico","Operadora Unefon SA de CV"
"334","09","mx","Mexico","NEXTEL"
"334","090","mx","Mexico","NEXTEL"
"334","50","mx","Mexico","AT&T/IUSACell"
"338","020","jm","Jamaica","Cable & Wireless"
"338","050","jm","Jamaica","DIGICEL/Mossel"
"338","110","jm","Jamaica","Cable & Wireless"
"338","180","jm","Jamaica","Cable & Wireless"
"340","01","gf","French Guiana","Orange Caribe"
"340","02","gf","French Guiana","Outremer Telecom"
"340","03","gf","French Guiana","TelCell GSM"
"340","08","gp","Guadeloupe","Dauphin Telecom SU (Guadeloupe Telecom)"
"340","10","gp","Guadeloupe",NULL
"340","11","gf","French Guiana","TelCell GSM"
"340","12","mq","Martinique","UTS Caraibe"
"340","20","gf","French Guiana","Bouygues/DigiCel"
"342","050","bb","Barbados","Digicel"
"342","299","bb","Barbados","Ozone"
"342","600","bb","Barbados","Flow / Lime"
"342","750","bb","Barbados","Digicel"
"342","810","bb","Barbados","Cingular Wireless"
"342","820","bb","Barbados","Sunbeach"
"344","03","ag","Antigua and Barbuda","imobile / APUA"
"344","030","ag","Antigua and Barbuda","imobile / APUA"
"344","92","ag","Antigua and Barbuda","Flow"
"344","920","ag","Antigua and Barbuda","Flow"
"344","93","ag","Antigua and Barbuda","Digicel"
"344","930","ag","Antigua and Barbuda","Digicel"
"346","001","ky","Cayman Islands","Logic"
"346","006","ky","Cayman Islands","Digicel Ltd."
"346","050","ky","Cayman Islands","Digicel"
"346","140","ky","Cayman Islands","Flow / Lime"
"348","170","vg","British Virgin Islands","LIME"
"348","570","vg","British Virgin Islands","Caribbean Cellular"
"348","770","vg","British Virgin Islands","Digicel"
"350","000","bm","Bermuda","One"
"350","01","bm","Bermuda","Telecommunications (Bermuda & West Indies) Ltd (Digicel Bermuda)"
"350","02","bm","Bermuda","M3 Wireless Ltd"
"350","299","bm","Bermuda","Failed Calls"
"350","99","bm","Bermuda","CellOne Ltd"
"352","030","gd","Grenada","Digicel"
"352","050","gd","Grenada","Digicel"
"352","110","gd","Grenada","Cable & Wireless"
"354","860","ms","Montserrat","Cable & Wireless"
"356","110","kn","Saint Kitts and Nevis","Cable & Wireless"
"356","50","kn","Saint Kitts and Nevis","Digicel"
"356","70","kn","Saint Kitts and Nevis","UTS Cariglobe"
"358","110","lc","Saint Lucia","Cable & Wireless"
"358","30","lc","Saint Lucia","Cingular Wireless"
"358","50","lc","Saint Lucia","Digicel (St Lucia) Limited"
"360","050","vc","Saint Vincent and the Grenadines","Digicel"
"360","10","vc","Saint Vincent and the Grenadines","Cingular"
"360","100","vc","Saint Vincent and the Grenadines","Cingular"
"360","110","vc","Saint Vincent and the Grenadines","C & W"
"360","70","vc","Saint Vincent and the Grenadines","Digicel"
"362","51","an","Netherlands Antilles","TELCELL GSM"
"362","630","an","Netherlands Antilles","Cingular Wireless"
"362","69","cw","Curacao","Polycom N.V./ Digicel"
"362","91","an","Netherlands Antilles","SETEL GSM"
"362","95","cw","Curacao","EOCG Wireless NV"
"362","951","an","Netherlands Antilles","UTS Wireless"
"362","999","cw","Curacao","Fix Line"
"363","01","aw","Aruba","SETAR"
"363","02","aw","Aruba","Digicel"
"363","20","aw","Aruba","Digicel"
"363","299","aw","Aruba","MIO"
"364","03","bs","Bahamas","Smart Communications"
"364","30","bs","Bahamas","Cybercell / BaTelCo"
"364","39","bs","Bahamas","Cybercell / BaTelCo"
"364","390","bs","Bahamas","Cybercell / BaTelCo"
"364","490","bs","Bahamas","Aliv"
"365","840","ai","Anguilla","Flow"
"365","850","ai","Anguilla","Digicel"
"366","020","dm","Dominica","Cingular Wireless/Digicel"
"366","050","dm","Dominica","Wireless Ventures (Dominica) Ltd (Digicel Dominica)"
"366","110","dm","Dominica","C & W"
"368","01","cu","Cuba","CubaCel/C-COM"
"368","999","cu","Cuba","Fix Line"
"370","01","do","Dominican Republic","Orange"
"370","02","do","Dominican Republic","Claro"
"370","03","do","Dominican Republic","TRIcom"
"370","04","do","Dominican Republic","Viva"
"372","01","ht","Haiti","Comcel"
"372","02","ht","Haiti","Digicel"
"372","03","ht","Haiti","Natcom"
"374","12","tt","Trinidad and Tobago","Bmobile/TSTT"
"374","120","tt","Trinidad and Tobago","Bmobile/TSTT"
"374","130","tt","Trinidad and Tobago","Digicel"
"374","140","tt","Trinidad and Tobago","LaqTel Ltd."
"376","050","tc","Turks and Caicos Islands","Digicel TCI Ltd"
"376","350","tc","Turks and Caicos Islands","Cable & Wireless (TCI) Ltd"
"376","352","tc","Turks and Caicos Islands","IslandCom Communications Ltd."
"376","50","vi","Virgin Islands","Digicel"
"400","01","az","Azerbaijan","Azercell"
"400","02","az","Azerbaijan","Bakcell"
"400","03","az","Azerbaijan","FONEX"
"400","04","az","Azerbaijan","Nar Mobile"
"400","06","az","Azerbaijan","Naxtel"
"401","01","kz","Kazakhstan","Beeline/KaR-Tel LLP"
"401","02","kz","Kazakhstan","K-Cell"
"401","07","kz","Kazakhstan","Dalacom/Altel"
"401","77","kz","Kazakhstan","Tele2/NEO/MTS"
"402","11","bt","Bhutan","B-Mobile"
"402","17","bt","Bhutan","Bhutan Telecom Ltd (BTL)"
"402","77","bt","Bhutan","TashiCell"
"404","01","in","India","Aircel Digilink India"
"404","04","in","India","Idea Cellular Ltd."
"404","045","in","India","Bharti Airtel Limited (Karnataka) (India)"
"404","05","in","India","Fascel"
"404","07","in","India","Idea Cellular Ltd."
"404","09","in","India","Reliance Telecom Private"
"404","10","in","India","Bharti Airtel Limited (Delhi)"
"404","11","in","India","Sterling Cellular Ltd."
"404","12","in","India","Escotel Mobile Communications"
"404","13","in","India","Barakhamba Sales & Serv."
"404","14","in","India","Spice"
"404","15","in","India","Aircel Digilink India"
"404","16","in","India","Hexcom India"
"404","17","in","India","Aircel"
"404","18","in","India","Reliance Telecom Private"
"404","19","in","India","Escotel Mobile Communications"
"404","20","in","India","Unknown"
"404","22","in","India","Idea Cellular Ltd."
"404","24","in","India","Idea Cellular Ltd."
"404","25","in","India","Aircel"
"404","27","in","India","Unknown"
"404","28","in","India","Aircel"
"404","29","in","India","Aircel"
"404","30","in","India","Usha Martin Telecom"
"404","33","in","India","Aircel"
"404","34","in","India","BSNL"
"404","36","in","India","Reliance Telecom Private"
"404","38","in","India","BSNL"
"404","41","in","India","RPG Cellular"
"404","42","in","India","Aircel"
"404","43","in","India","Vodafone/Essar/Hutch"
"404","44","in","India","Spice"
"404","50","in","India","Reliance Telecom Private"
"404","51","in","India","BSNL"
"404","52","in","India","Reliance Telecom Private"
"404","53","in","India","BSNL"
"404","54","in","India","BSNL"
"404","55","in","India","BSNL"
"404","56","in","India","Escotel Mobile Communications"
"404","57","in","India","BSNL"
"404","58","in","India","BSNL"
"404","59","in","India","BSNL"
"404","60","in","India","Aircel Digilink India"
"404","62","in","India","BSNL"
"404","64","in","India","BSNL"
"404","66","in","India","BSNL"
"404","67","in","India","Reliance Telecom Private"
"404","68","in","India","Mahanagar Telephone Nigam"
"404","69","in","India","Mahanagar Telephone Nigam"
"404","70","in","India","Hexacom India"
"404","71","in","India","BSNL"
"404","72","in","India","BSNL"
"404","73","in","India","BSNL"
"404","74","in","India","BSNL"
"404","75","in","India","BSNL"
"404","76","in","India","BSNL"
"404","77","in","India","BSNL"
"404","78","in","India","Idea Cellular Ltd."
"404","79","in","India","CellOne A&N"
"404","80","in","India","BSNL"
"404","81","in","India","BSNL"
"404","82","in","India","Escorts Telecom Ltd."
"404","83","in","India","Reliable Internet Services"
"404","85","in","India","Reliance Telecom Private"
"404","86","in","India","Barakhamba Sales & Serv."
"404","87","in","India","Escorts Telecom Ltd."
"404","88","in","India","Escorts Telecom Ltd."
"404","89","in","India","Escorts Telecom Ltd."
"404","998","in","India","Fix Line"
"404","999","in","India","Various Networks"
"405","034","in","India","TATA / Karnataka"
"405","05","in","India","Fascel Limited"
"405","53","in","India","AirTel"
"405","87","in","India","Reliance Telecom Private"
"410","01","pk","Pakistan","Jazz"
"410","03","pk","Pakistan","Ufone"
"410","04","pk","Pakistan","Zong"
"410","05","pk","Pakistan","SCOM"
"410","06","pk","Pakistan","Telenor"
"410","07","pk","Pakistan","Jazz"
"410","08","pk","Pakistan","Instaphone"
"410","299","pk","Pakistan","Warid"
"412","01","af","Afghanistan","AWCC"
"412","03","af","Afghanistan","WaselTelecom (WT)"
"412","20","af","Afghanistan","Roshan"
"412","30","af","Afghanistan","Etisalat"
"412","40","af","Afghanistan","MTN"
"412","50","af","Afghanistan","Etisalat"
"412","80","af","Afghanistan","Mobifone"
"412","88","af","Afghanistan","Mobifone"
"413","01","lk","Sri Lanka","Mobitel Ltd."
"413","02","lk","Sri Lanka","MTN/Dialog"
"413","03","lk","Sri Lanka","Etisalat/Tigo"
"413","05","lk","Sri Lanka","Airtel"
"413","08","lk","Sri Lanka","H3G Hutchison"
"414","01","mm","Myanmar","Myanmar Post & Teleco."
"414","05","mm","Myanmar","Oreedoo"
"414","06","mm","Myanmar","Telenor"
"414","09","mm","Myanmar","Mytel (Myanmar"
"414","999","mm","Myanmar","Fix Line (Myanmar"
"415","01","lb","Lebanon","MIC1 (Alfa)"
"415","03","lb","Lebanon","MIC2/LibanCell/MTC"
"415","32","lb","Lebanon","Cellis"
"415","33","lb","Lebanon","Cellis"
"415","34","lb","Lebanon","FTML Cellis"
"415","35","lb","Lebanon","Cellis"
"415","36","lb","Lebanon","MIC2/LibanCell/MTC"
"415","37","lb","Lebanon","MIC2/LibanCell/MTC"
"415","38","lb","Lebanon","MIC2/LibanCell/MTC"
"415","39","lb","Lebanon","MIC2/LibanCell/MTC"
"416","01","jo","Jordan","Zain"
"416","02","jo","Jordan","Xpress"
"416","03","jo","Jordan","Umniah"
"416","77","jo","Jordan","Orange"
"416","999","jo","Jordan","Fix Line"
"417","01","sy","Syria","Syriatel Holdings"
"417","02","sy","Syria","MTN/Spacetel"
"417","09","sy","Syria","Syriatel Holdings"
"418","05","iq","Iraq","Asia Cell"
"418","08","iq","Iraq","Sanatel"
"418","20","iq","Iraq","Zain"
"418","30","iq","Iraq","Zain"
"418","40","iq","Iraq","Korek"
"418","45","iq","Iraq","Mobitel"
"418","66","iq","Iraq","Fastlink"
"418","82","iq","Iraq","Korek"
"418","92","iq","Iraq","Itisaluna and Kalemat"
"419","02","kw","Kuwait","Zain"
"419","03","kw","Kuwait","Ooredoo"
"419","04","kw","Kuwait","Viva"
"419","999","kw","Kuwait","Fix Line"
"420","01","sa","Saudi Arabia","STC/Al Jawal"
"420","03","sa","Saudi Arabia","Etihad/Etisalat/Mobily"
"420","04","sa","Saudi Arabia","Zain"
"420","05","sa","Saudi Arabia","Virgin Mobile"
"420","06","sa","Saudi Arabia","Lebara Mobile"
"420","07","sa","Saudi Arabia","Zain"
"421","01","ye","Yemen","Sabaphone"
"421","02","ye","Yemen","MTN/Spacetel"
"421","03","ye","Yemen","Yemen Mob. CDMA"
"421","04","ye","Yemen","HITS/Y Unitel"
"421","999","ye","Yemen","Fix Line"
"422","02","om","Oman","Oman Mobile/GTO"
"422","03","om","Oman","Nawras"
"424","02","ae","United Arab Emirates","Etisalat"
"424","03","ae","United Arab Emirates","DU"
"425","01","il","Israel","Orange"
"425","02","il","Israel","Cellcom"
"425","03","il","Israel","Pelephone"
"425","05","ps","Palestinian Territory","Jawwal"
"425","06","ps","Palestinian Territory","Ooredoo"
"425","07","il","Israel","Hot Mobile"
"425","08","il","Israel","Golan Telecom"
"425","09","il","Israel","We4G"
"425","12","il","Israel","Pelephone"
"425","13","il","Israel","Ituran"
"425","14","il","Israel","YouPhone"
"425","15","il","Israel","Home Cellular"
"425","16","il","Israel","Rami Levy Communications"
"425","17","il","Israel","Von waves"
"425","19","il","Israel","Telzar/AZI"
"425","22","il","Israel","Maskyoo"
"425","23","il","Israel","Beezz"
"425","299","il","Israel","T2T"
"425","77","il","Israel","Hot Mobile"
"426","01","bh","Bahrain","Batelco"
"426","02","bh","Bahrain","Zain"
"426","04","bh","Bahrain","VIVA"
"426","05","bh","Bahrain","Royal Court"
"426","299","bh","Bahrain","Failed Calls"
"426","999","bh","Bahrain","Fix Line"
"427","01","qa","Qatar","Ooredoo/Qtel"
"427","02","qa","Qatar","Vodafone"
"428","00","mn","Mongolia","Skytel Co. Ltd"
"428","88","mn","Mongolia","Unitel"
"428","91","mn","Mongolia","Skytel Co. Ltd"
"428","98","mn","Mongolia","G-Mobile Corporation Ltd"
"428","99","mn","Mongolia","Mobicom"
"429","01","np","Nepal","NT Mobile / Namaste"
"429","02","np","Nepal","Ncell"
"429","04","np","Nepal","Smart Cell"
"429","999","np","Nepal","Fix Line"
"430","02","ae","United Arab Emirates","Etisalat"
"431","02","ae","United Arab Emirates","Etisalat"
"432","11","ir","Iran","MCI/TCI"
"432","14","ir","Iran","TKC/KFZO"
"432","19","ir","Iran","Mobile Telecommunications Company of Esfahan JV-PJS (MTCE)"
"432","20","ir","Iran","Rightel"
"432","32","ir","Iran","Taliya"
"432","35","ir","Iran","MTN/IranCell"
"432","70","ir","Iran","MTCE"
"432","999","ir","Iran","Fix Line"
"434","01","uz","Uzbekistan","Buztel"
"434","02","uz","Uzbekistan","Uzmacom"
"434","04","uz","Uzbekistan","Bee Line/Unitel"
"434","05","uz","Uzbekistan","Ucell/Coscom"
"434","07","uz","Uzbekistan","MTS/Uzdunrobita"
"436","01","tj","Tajikistan","Tcell/JC Somoncom"
"436","02","tj","Tajikistan","CJSC Indigo Tajikistan"
"436","03","tj","Tajikistan","Megafon"
"436","04","tj","Tajikistan","Babilon-M"
"436","05","tj","Tajikistan","Bee Line"
"436","12","tj","Tajikistan","Tcell/JC Somoncom"
"437","01","kg","Kyrgyzstan","Beeline"
"437","02","kg","Kyrgyzstan","KT Mobile"
"437","03","kg","Kyrgyzstan","Sem Mobile"
"437","05","kg","Kyrgyzstan","MegaCom"
"437","09","kg","Kyrgyzstan","O!"
"437","10","kg","Kyrgyzstan","Saima"
"437","299","kg","Kyrgyzstan","Failed Calls"
"438","01","tm","Turkmenistan","MTS/Barash Communication"
"438","02","tm","Turkmenistan","Altyn Asyr/TM-Cell"
"440","00","jp","Japan","Y-Mobile"
"440","01","jp","Japan","SoftBank"
"440","02","jp","Japan","NTT DoCoMo"
"440","03","jp","Japan","NTT DoCoMo"
"440","04","jp","Japan","SoftBank"
"440","05","jp","Japan","SoftBank"
"440","06","jp","Japan","SoftBank"
"440","07","jp","Japan","KDDI"
"440","08","jp","Japan","KDDI"
"440","09","jp","Japan","NTT DoCoMo"
"440","10","jp","Japan","NTT DoCoMo"
"440","11","jp","Japan","NTT DoCoMo"
"440","12","jp","Japan","NTT DoCoMo"
"440","13","jp","Japan","NTT DoCoMo"
"440","14","jp","Japan","NTT DoCoMo"
"440","15","jp","Japan","NTT DoCoMo"
"440","16","jp","Japan","NTT DoCoMo"
"440","17","jp","Japan","NTT DoCoMo"
"440","18","jp","Japan","NTT DoCoMo"
"440","19","jp","Japan","NTT DoCoMo"
"440","20","jp","Japan","SoftBank"
"440","21","jp","Japan","NTT DoCoMo"
"440","22","jp","Japan","NTT DoCoMo"
"440","23","jp","Japan","NTT DoCoMo"
"440","24","jp","Japan","NTT DoCoMo"
"440","25","jp","Japan","NTT DoCoMo"
"440","26","jp","Japan","NTT DoCoMo"
"440","27","jp","Japan","NTT DoCoMo"
"440","28","jp","Japan","NTT DoCoMo"
"440","29","jp","Japan","NTT DoCoMo"
"440","30","jp","Japan","NTT DoCoMo"
"440","31","jp","Japan","NTT DoCoMo"
"440","32","jp","Japan","NTT DoCoMo"
"440","33","jp","Japan","NTT DoCoMo"
"440","34","jp","Japan","NTT DoCoMo"
"440","35","jp","Japan","NTT DoCoMo"
"440","36","jp","Japan","NTT DoCoMo"
"440","37","jp","Japan","NTT DoCoMo"
"440","38","jp","Japan","NTT DoCoMo"
"440","39","jp","Japan","NTT DoCoMo"
"440","40","jp","Japan","SoftBank"
"440","41","jp","Japan","SoftBank"
"440","42","jp","Japan","SoftBank"
"440","43","jp","Japan","SoftBank"
"440","44","jp","Japan","SoftBank"
"440","45","jp","Japan","SoftBank"
"440","46","jp","Japan","SoftBank"
"440","47","jp","Japan","SoftBank"
"440","48","jp","Japan","SoftBank"
"440","49","jp","Japan","NTT DoCoMo"
"440","50","jp","Japan","KDDI"
"440","51","jp","Japan","KDDI"
"440","52","jp","Japan","KDDI"
"440","53","jp","Japan","KDDI"
"440","54","jp","Japan","KDDI"
"440","55","jp","Japan","KDDI"
"440","56","jp","Japan","KDDI"
"440","58","jp","Japan","NTT DoCoMo"
"440","60","jp","Japan","NTT DoCoMo"
"440","61","jp","Japan","NTT DoCoMo"
"440","62","jp","Japan","NTT DoCoMo"
"440","63","jp","Japan","NTT DoCoMo"
"440","64","jp","Japan","NTT DoCoMo"
"440","65","jp","Japan","NTT DoCoMo"
"440","66","jp","Japan","NTT DoCoMo"
"440","67","jp","Japan","NTT DoCoMo"
"440","68","jp","Japan","NTT DoCoMo"
"440","69","jp","Japan","NTT DoCoMo"
"440","70","jp","Japan","KDDI"
"440","71","jp","Japan","KDDI"
"440","72","jp","Japan","KDDI"
"440","73","jp","Japan","KDDI"
"440","74","jp","Japan","KDDI"
"440","75","jp","Japan","KDDI"
"440","76","jp","Japan","KDDI"
"440","77","jp","Japan","KDDI"
"440","78","jp","Japan","Okinawa Cellular"
"440","79","jp","Japan","KDDI"
"440","80","jp","Japan","KDDI"
"440","81","jp","Japan","KDDI"
"440","82","jp","Japan","KDDI"
"440","83","jp","Japan","KDDI"
"440","84","jp","Japan","KDDI"
"440","85","jp","Japan","KDDI"
"440","86","jp","Japan","KDDI"
"440","87","jp","Japan","NTT DoCoMo"
"440","88","jp","Japan","KDDI"
"440","89","jp","Japan","KDDI"
"440","90","jp","Japan","SoftBank"
"440","92","jp","Japan","SoftBank"
"440","93","jp","Japan","SoftBank"
"440","94","jp","Japan","SoftBank"
"440","95","jp","Japan","SoftBank"
"440","96","jp","Japan","SoftBank"
"440","97","jp","Japan","SoftBank"
"440","98","jp","Japan","SoftBank"
"440","99","jp","Japan","NTT DoCoMo"
"441","40","jp","Japan","NTT DoCoMo"
"441","41","jp","Japan","NTT DoCoMo"
"441","42","jp","Japan","NTT DoCoMo"
"441","43","jp","Japan","NTT DoCoMo"
"441","44","jp","Japan","NTT DoCoMo"
"441","45","jp","Japan","NTT DoCoMo"
"441","61","jp","Japan","SoftBank"
"441","62","jp","Japan","SoftBank"
"441","63","jp","Japan","SoftBank"
"441","64","jp","Japan","SoftBank"
"441","65","jp","Japan","SoftBank"
"441","70","jp","Japan","KDDI"
"441","90","jp","Japan","NTT DoCoMo"
"441","91","jp","Japan","NTT DoCoMo"
"441","92","jp","Japan","NTT DoCoMo"
"441","93","jp","Japan","NTT DoCoMo"
"441","94","jp","Japan","NTT DoCoMo"
"441","98","jp","Japan","NTT DoCoMo"
"441","99","jp","Japan","NTT DoCoMo"
"450","02","kr","South Korea","olleh / KT"
"450","03","kr","South Korea","SK Telecom"
"450","04","kr","South Korea","olleh / KT"
"450","05","kr","South Korea","SK Telecom"
"450","06","kr","South Korea","LG U+"
"450","07","kr","South Korea","KT Powertel"
"450","08","kr","South Korea","olleh / KT"
"450","11","kr","South Korea","SK Telecom"
"450","12","kr","South Korea","SK Telecom"
"450","299","kr","South Korea","Failed Calls"
"452","01","vn","Vietnam","MobiFone"
"452","02","vn","Vietnam","VinaPhone"
"452","03","vn","Vietnam","S-Fone/Telecom"
"452","04","vn","Vietnam","Viettel"
"452","05","vn","Vietnam","Vietnamobile"
"452","06","vn","Vietnam","Viettel"
"452","07","vn","Vietnam","Gmobile"
"452","08","vn","Vietnam","I-Telecom"
"452","09","vn","Vietnam","Reddi"
"454","00","hk","Hongkong","CSL Ltd."
"454","01","hk","Hongkong","Citic Telecom Ltd."
"454","02","hk","Hongkong","CSL Ltd."
"454","03","hk","Hongkong","H3G/Hutchinson"
"454","04","hk","Hongkong","H3G/Hutchinson"
"454","05","hk","Hongkong","H3G/Hutchinson"
"454","06","hk","Hongkong","Vodafone/SmarTone"
"454","07","hk","Hongkong","China Unicom Ltd"
"454","08","hk","Hongkong","Truephone"
"454","09","hk","Hongkong","China Motion"
"454","10","hk","Hongkong","CSL/New World PCS Ltd."
"454","11","hk","Hongkong","China-HongKong Telecom Ltd (CHKTL)"
"454","12","hk","Hongkong","China Mobile/Peoples"
"454","13","hk","Hongkong","China Mobile/Peoples"
"454","14","hk","Hongkong","H3G/Hutchinson"
"454","15","hk","Hongkong","Vodafone/SmarTone"
"454","16","hk","Hongkong","HKT/PCCW"
"454","17","hk","Hongkong","Vodafone/SmarTone"
"454","18","hk","Hongkong","CSL Ltd."
"454","19","hk","Hongkong","HKT/PCCW"
"454","20","hk","Hongkong","HKT/PCCW"
"454","24","hk","Hongkong","Multibyte Info Technology Ltd"
"454","28","hk","Hongkong","China Mobile/Peoples"
"454","29","hk","Hongkong","HKT/PCCW"
"454","31","hk","Hongkong","CTExcel"
"454","40","hk","Hongkong","shared by private TETRA systems"
"454","47","hk","Hongkong","shared by private TETRA systems"
"455","00","mo","Macao","Smartone Mobile"
"455","01","mo","Macao","C.T.M. TELEMOVEL+"
"455","02","mo","Macao","China Telecom"
"455","03","mo","Macao","Hutchison Telephone Co. Ltd"
"455","04","mo","Macao","C.T.M. TELEMOVEL+"
"455","05","mo","Macao","Hutchison Telephone Co. Ltd"
"455","06","mo","Macao","Smartone Mobile"
"456","01","kh","Cambodia","Cellcard"
"456","02","kh","Cambodia","Smart"
"456","03","kh","Cambodia","QB/Cambodia Adv. Comms."
"456","04","kh","Cambodia","QB"
"456","05","kh","Cambodia","Smart"
"456","06","kh","Cambodia","Smart"
"456","08","kh","Cambodia","Metfone"
"456","09","kh","Cambodia","Sotelco/Beeline"
"456","11","kh","Cambodia","Seatel"
"456","18","kh","Cambodia","Cellcard"
"456","299","kh","Cambodia","CooTel"
"457","01","la","Laos","Lao Tel"
"457","02","la","Laos","ETL Mobile"
"457","03","la","Laos","UNITEL/LAT"
"457","08","la","Laos","Beeline/Tigo/Millicom"
"460","00","cn","China","China Mobile GSM"
"460","01","cn","China","China Unicom"
"460","02","cn","China","China Mobile GSM"
"460","03","cn","China","China Telecom"
"460","04","cn","China","China Space Mobile Satellite Telecommunications Co. Ltd (China Spacecom)"
"460","05","cn","China","China Telecom"
"460","06","cn","China","China Unicom"
"460","07","cn","China","China Mobile GSM"
"460","999","cn","China","Fix Line"
"466","01","tw","Taiwan","Far EasTone"
"466","02","tw","Taiwan","Far EasTone"
"466","03","tw","Taiwan","Far EasTone"
"466","05","tw","Taiwan","Asia Pacific Telecom Co. Ltd (APT)"
"466","06","tw","Taiwan","Far EasTone"
"466","07","tw","Taiwan","Far EasTone"
"466","09","tw","Taiwan","VMAX Telecom Co. Ltd"
"466","10","tw","Taiwan","Global Mobile Corp."
"466","11","tw","Taiwan","Chunghwa Telecom LDM"
"466","56","tw","Taiwan","International Telecom Co. Ltd (FITEL)"
"466","68","tw","Taiwan","ACeS Taiwan - ACeS Taiwan Telecommunications Co Ltd"
"466","88","tw","Taiwan","KG Telecom"
"466","89","tw","Taiwan","T-Star/VIBO"
"466","90","tw","Taiwan","T-Star/VIBO"
"466","92","tw","Taiwan","Chunghwa Telecom LDM"
"466","93","tw","Taiwan","Mobitai"
"466","97","tw","Taiwan","Taiwan Cellular"
"466","99","tw","Taiwan","TransAsia"
"467","192","kp","North Korea","Koryolink"
"467","193","kp","North Korea","Sun Net"
"467","299","kp","North Korea","Kangsung Net"
"470","01","bd","Bangladesh","GrameenPhone"
"470","02","bd","Bangladesh","Airtel"
"470","03","bd","Bangladesh","Banglalink"
"470","04","bd","Bangladesh","TeleTalk"
"470","05","bd","Bangladesh","Citycell"
"470","06","bd","Bangladesh","Citycell"
"470","07","bd","Bangladesh","Airtel"
"472","01","mv","Maldives","Dhiraagu/C&W"
"472","02","mv","Maldives","Ooredo/Wataniya"
"502","01","my","Malaysia","Art900"
"502","10","my","Malaysia","DiGi"
"502","11","my","Malaysia","Telekom Malaysia"
"502","12","my","Malaysia","Maxis"
"502","13","my","Malaysia","Celcom"
"502","14","my","Malaysia","Telekom Malaysia"
"502","150","my","Malaysia","Tune Talk"
"502","151","my","Malaysia","Baraka Telecom Sdn Bhd"
"502","152","my","Malaysia","Yes"
"502","153","my","Malaysia","Webe Digital"
"502","154","my","Malaysia","TT dotCom"
"502","155","my","Malaysia","Samata Communications Sdn Bhd"
"502","156","my","Malaysia","Altel Communications"
"502","16","my","Malaysia","DiGi"
"502","17","my","Malaysia","Maxis"
"502","18","my","Malaysia","U Mobile"
"502","19","my","Malaysia","Celcom"
"502","195","my","Malaysia","XOX Com"
"502","198","my","Malaysia","Celcom"
"502","20","my","Malaysia","Electcoms Wireless Sdn Bhd"
"502","299","my","Malaysia","Maxis Broadband"
"502","999","my","Malaysia","Fix Line"
"505","01","au","Australia","Telstra"
"505","02","au","Australia","Optus"
"505","03","au","Australia","Vodafone"
"505","04","au","Australia","Department of Defense"
"505","05","au","Australia","The Ozitel Network Pty."
"505","06","au","Australia","Vodafone"
"505","07","au","Australia","Vodafone"
"505","08","au","Australia","Railcorp/Vodafone"
"505","09","au","Australia","Airnet Commercial Australia Ltd.."
"505","10","au","Australia","Norfolk Telecom"
"505","11","au","Australia","Telstra"
"505","12","au","Australia","Vodafone"
"505","13","au","Australia","Railcorp/Vodafone"
"505","14","au","Australia","AAPT Ltd."
"505","16","au","Australia","VicTrack"
"505","19","au","Australia","Lycamobile"
"505","24","au","Australia","Advanced Comm Tech Pty."
"505","26","au","Australia","Sinch"
"505","299","au","Australia","Symbio"
"505","30","au","Australia","Compatel"
"505","35","au","Australia","MessageBird"
"505","39","au","Australia","Telstra"
"505","50","au","Australia","Pivotel"
"505","71","au","Australia","Telstra"
"505","72","au","Australia","Telstra"
"505","88","au","Australia","Pivotel Group Ltd"
"505","90","au","Australia","Optus"
"505","99","au","Australia","Railcorp/Vodafone"
"505","999","au","Australia","Fix Line"
"510","00","id","Indonesia","PT Pasifik Satelit Nusantara (PSN)"
"510","01","id","Indonesia","Indosat/Satelindo/M3"
"510","07","id","Indonesia","Telkomsel"
"510","08","id","Indonesia","Axis/Natrindo"
"510","09","id","Indonesia","PT Smartfren Telecom Tbk"
"510","10","id","Indonesia","Telkomsel"
"510","11","id","Indonesia","PT. Excelcom"
"510","21","id","Indonesia","Indosat/Satelindo/M3"
"510","27","id","Indonesia","PT Sampoerna Telekomunikasi Indonesia (STI)"
"510","28","id","Indonesia","PT Smartfren Telecom Tbk"
"510","89","id","Indonesia","H3G CP"
"510","99","id","Indonesia","Esia (PT Bakrie Telecom) (CDMA)"
"510","999","id","Indonesia","Fix Line"
"514","01","tl","East Timor","Telkomcel"
"514","02","tl","East Timor","Timor Telecom"
"514","03","tl","East Timor","Telemor"
"514","299","tl","East Timor","Failed Calls"
"514","999","tl","East Timor","Fix Line"
"515","01","ph","Philippines","Globe Telecom"
"515","02","ph","Philippines","Globe Telecom"
"515","03","ph","Philippines","Smart"
"515","05","ph","Philippines","SUN/Digitel"
"515","18","ph","Philippines","RED Mobile/Cure"
"515","88","ph","Philippines","Next Mobile"
"515","999","ph","Philippines","Fix Line"
"520","00","th","Thailand","Hutch/CAT CDMA"
"520","01","th","Thailand","AIS/Advanced Info Service"
"520","03","th","Thailand","AIS/Advanced Info Service"
"520","04","th","Thailand","True Move/Orange"
"520","05","th","Thailand","Total Access (DTAC)"
"520","15","th","Thailand","ACT Mobile"
"520","18","th","Thailand","Total Access (DTAC)"
"520","20","th","Thailand","ACeS Thailand - ACeS Regional Services Co Ltd"
"520","23","th","Thailand","Digital Phone Co."
"520","99","th","Thailand","True Move/Orange"
"520","999","th","Thailand","Fix Line"
"525","01","sg","Singapore","Singtel"
"525","02","sg","Singapore","Singtel"
"525","03","sg","Singapore","MobileOne Ltd"
"525","05","sg","Singapore","Starhub"
"525","06","sg","Singapore","Starhub"
"525","07","sg","Singapore","Singtel"
"525","12","sg","Singapore","GRID Communications Pte Ltd"
"525","999","sg","Singapore","Fix Line"
"528","01","bn","Brunei","Telekom Brunei Bhd (TelBru)"
"528","02","bn","Brunei","b-mobile"
"528","11","bn","Brunei","Datastream (DTSCom)"
"530","01","nz","New Zealand","Vodafone"
"530","02","nz","New Zealand","Spark Mobile"
"530","03","nz","New Zealand","Walker Wireless Ltd."
"530","04","nz","New Zealand","Telstra"
"530","05","nz","New Zealand","Spark Mobile"
"530","24","nz","New Zealand","2degrees"
"530","28","nz","New Zealand","2degrees"
"530","999","nz","New Zealand","Fix Line"
"537","01","pg","Papua New Guinea","Pacific Mobile"
"537","02","pg","Papua New Guinea","GreenCom PNG Ltd"
"537","03","pg","Papua New Guinea","Digicel"
"537","999","pg","Papua New Guinea","Fix Line"
"539","01","to","Tonga","Tonga Communications"
"539","43","to","Tonga","Shoreline Communication"
"539","88","to","Tonga","Digicel"
"539","999","to","Tonga","Fix Line"
"540","01","sb","Solomon Islands","BREEZE"
"540","02","sb","Solomon Islands","bemobile"
"540","10","sb","Solomon Islands","BREEZE"
"541","01","vu","Vanuatu","SMILE"
"541","05","vu","Vanuatu","DigiCel"
"542","01","fj","Fiji","Vodafone"
"542","02","fj","Fiji","DigiCell"
"543","01","wf","Wallis and Futuna","Manuia"
"543","299","wf","Wallis and Futuna","Failed Calls"
"544","11","as","American Samoa","BlueSky"
"544","780","as","American Samoa","ASTCA Mobile"
"545","09","ki","Kiribati","Kiribati Frigate"
"546","01","nc","New Caledonia","OPT Mobilis"
"547","15","pf","French Polynesia","Pacific Mobile Telecom (PMT)"
"547","20","pf","French Polynesia","Vini/Tikiphone"
"548","01","ck","Cook Islands","Vodafone / Bluesky"
"549","01","ws","Samoa","Telecom Samoa Cellular Ltd."
"549","27","ws","Samoa","Samoatel Mobile"
"549","999","ws","Samoa","Fix Line"
"550","01","fm","Micronesia","FSM Telecommunications Corp."
"551","299","mh","Marshall Islands","MINTA"
"552","01","pw","Palau","Palau National Communications Corp. (PNCC) (Palau"
"552","02","pw","Palau","PECI/PalauTel (Palau"
"552","80","pw","Palau","Palau Mobile Corp. (PMC) (Palau"
"553","01","tv","Tuvalu","Tuvalu Telecommunication Corporation (TTC)"
"555","01","nu","Niue","Niue Telecom"
"602","01","eg","Egypt","Orange"
"602","02","eg","Egypt","Vodafone"
"602","03","eg","Egypt","Etisalat"
"602","04","eg","Egypt","WE"
"602","299","eg","Egypt","Failed Calls"
"603","01","dz","Algeria","Mobilis"
"603","02","dz","Algeria","Djezzy"
"603","03","dz","Algeria","Ooredoo"
"604","00","ma","Morocco","Orange"
"604","01","ma","Morocco","IAM"
"604","02","ma","Morocco","inwi"
"604","04","ma","Morocco","Al Houria Telecom"
"604","05","ma","Morocco","inwi"
"604","06","ma","Morocco","IAM"
"604","99","ma","Morocco","Al Houria Telecom"
"605","01","tn","Tunisia","Orange"
"605","02","tn","Tunisia","TT Mobile"
"605","03","tn","Tunisia","Ooredoo"
"605","06","tn","Tunisia","Lycamobile"
"605","999","tn","Tunisia","Fix Line"
"606","00","ly","Libya","Libyana"
"606","01","ly","Libya","Al-Madar"
"606","02","ly","Libya","Al-Madar"
"606","03","ly","Libya","LibyaPhone Mobile"
"606","06","ly","Libya","Hatef"
"607","01","gm","Gambia","Gamcel"
"607","02","gm","Gambia","Africel"
"607","03","gm","Gambia","Comium"
"607","04","gm","Gambia","QCell"
"608","01","sn","Senegal","Orange"
"608","02","sn","Senegal","Free"
"608","03","sn","Senegal","Expresso"
"608","04","sn","Senegal","HAYO"
"608","299","sn","Senegal","Promobile"
"609","01","mr","Mauritania","Mattel"
"609","02","mr","Mauritania","Chinguitel"
"609","10","mr","Mauritania","Mauritel"
"610","01","ml","Mali","Malitel"
"610","02","ml","Mali","Orange"
"610","03","ml","Mali","Telecel"
"611","01","gn","Guinea","Orange"
"611","02","gn","Guinea","SotelGui"
"611","03","gn","Guinea","Intercel"
"611","04","gn","Guinea","MTN"
"611","05","gn","Guinea","Cellcom"
"612","01","ci","Ivory Coast","Comstar"
"612","02","ci","Ivory Coast","Moov"
"612","03","ci","Ivory Coast","Orange"
"612","04","ci","Ivory Coast","Comium"
"612","05","ci","Ivory Coast","MTN"
"612","06","ci","Ivory Coast","OriCell"
"612","07","ci","Ivory Coast","Aircomm SA"
"613","01","bf","Burkina Faso","Telmob"
"613","02","bf","Burkina Faso","Orange"
"613","03","bf","Burkina Faso","Telecel"
"614","01","ne","Niger","Niger Telecoms"
"614","02","ne","Niger","Airtel"
"614","03","ne","Niger","Moov"
"614","04","ne","Niger","Orange"
"615","01","tg","Togo","Togo Cellulaire / TogoCel"
"615","02","tg","Togo","Telecel/MOOV"
"615","03","tg","Togo","Telecel/MOOV"
"616","01","bj","Benin","Libercom"
"616","02","bj","Benin","Moov"
"616","03","bj","Benin","MTN"
"616","04","bj","Benin","Bell Benin/BBCOM"
"616","05","bj","Benin","GloMobile"
"617","01","mu","Mauritius","my.t mobile"
"617","02","mu","Mauritius","Chili"
"617","03","mu","Mauritius","Chili"
"617","10","mu","Mauritius","Emtel"
"618","01","lr","Liberia","MTN / Lonestar"
"618","02","lr","Liberia","Libercell"
"618","04","lr","Liberia","Novafone"
"618","07","lr","Liberia","Orange"
"618","20","lr","Liberia","LibTelco"
"619","01","sl","Sierra Leone","Orange"
"619","02","sl","Sierra Leone","Tigo/Millicom"
"619","03","sl","Sierra Leone","Africell"
"619","04","sl","Sierra Leone","Comium"
"619","05","sl","Sierra Leone","Africell"
"619","07","sl","Sierra Leone","Qcell"
"619","25","sl","Sierra Leone","Mobitel"
"619","299","sl","Sierra Leone","SierraTel"
"620","01","gh","Ghana","MTN"
"620","02","gh","Ghana","Vodafone"
"620","03","gh","Ghana","Airtel"
"620","04","gh","Ghana","Expresso Ghana Ltd"
"620","05","gh","Ghana","National Security"
"620","06","gh","Ghana","Airtel"
"620","07","gh","Ghana","Glo"
"620","08","gh","Ghana","Surfline"
"620","299","gh","Ghana","Comsys"
"621","01","ng","Nigeria","Visafone"
"621","20","ng","Nigeria","Airtel"
"621","25","ng","Nigeria","Visafone"
"621","27","ng","Nigeria","Smile"
"621","299","ng","Nigeria","Zodafones"
"621","30","ng","Nigeria","MTN"
"621","40","ng","Nigeria","ntel"
"621","50","ng","Nigeria","Glo Mobile"
"621","60","ng","Nigeria","9mobile"
"621","99","ng","Nigeria","Starcomms"
"622","01","td","Chad","Airtel"
"622","02","td","Chad","Tchad Mobile"
"622","03","td","Chad","Moov"
"622","04","td","Chad","Salam"
"623","01","cf","Central African Republic","Moov"
"623","02","cf","Central African Republic","Telecel"
"623","03","cf","Central African Republic","Orange"
"623","04","cf","Central African Republic","Azur"
"623","299","cf","Central African Republic","Socatel"
"624","01","cm","Cameroon","MTN"
"624","02","cm","Cameroon","Orange"
"624","04","cm","Cameroon","Nexttel"
"625","01","cv","Cape Verde","CVMovel"
"625","02","cv","Cape Verde","Unitel T+"
"626","01","st","Sao Tome and Principe","CSTmovel"
"626","02","st","Sao Tome and Principe","Unitel"
"627","01","gq","Equatorial Guinea","Orange"
"627","03","gq","Equatorial Guinea","Muni"
"627","299","gq","Equatorial Guinea","Failed Calls"
"628","01","ga","Gabon","Libertis"
"628","02","ga","Gabon","MOOV/Telecel"
"628","03","ga","Gabon","Airtel"
"628","04","ga","Gabon","Azur/Usan S.A."
"628","299","ga","Gabon","Failed Calls"
"629","01","cg","Congo","Airtel"
"629","02","cg","Congo","Azur SA (ETC)"
"629","07","cg","Congo","Warid"
"629","10","cg","Congo","MTN"
"630","01","cd","Democratic Republic of Congo","Vodacom"
"630","02","cd","Democratic Republic of Congo","Airtel"
"630","05","cd","Democratic Republic of Congo","Supercell"
"630","299","cd","Democratic Republic of Congo","Tatem"
"630","86","cd","Democratic Republic of Congo","Orange"
"630","88","cd","Democratic Republic of Congo","Yozma Timeturns"
"630","89","cd","Democratic Republic of Congo","TIGO/Oasis"
"630","90","cd","Democratic Republic of Congo","Africell"
"631","02","ao","Angola","Unitel"
"631","04","ao","Angola","MoviCel"
"632","01","gw","Guinea-Bissau","Guinetel"
"632","02","gw","Guinea-Bissau","MTN"
"632","03","gw","Guinea-Bissau","Orange"
"632","999","gw","Guinea-Bissau","Fix	Line"
"633","01","sc","Seychelles","Cable & Wireless"
"633","02","sc","Seychelles","Smartcom"
"633","05","sc","Seychelles","Intelvision"
"633","10","sc","Seychelles","Airtel"
"634","00","sd","Sudan","Canar Telecom"
"634","01","sd","Sudan","Zain"
"634","02","sd","Sudan","MTN"
"634","03","sd","Sudan","MTN"
"634","05","sd","Sudan","Canar Telecom"
"634","06","sd","Sudan","Zain"
"634","07","sd","Sudan","Sudani One"
"634","08","sd","Sudan","Canar Telecom"
"634","15","sd","Sudan","Sudani One"
"634","22","sd","Sudan","MTN"
"634","999","sd","Sudan","Fix Line"
"635","10","rw","Rwanda","MTN"
"635","13","rw","Rwanda","Airtel"
"635","14","rw","Rwanda","Airtel"
"636","01","et","Ethiopia","Ethio Mobile"
"637","01","so","Somalia","Telesom"
"637","04","so","Somalia","Somafone"
"637","10","so","Somalia","Nationlink"
"637","19","so","Somalia","Hormuud"
"637","299","so","Somalia","STG"
"637","30","so","Somalia","Golis"
"637","50","so","Somalia","Hormuud"
"637","60","so","Somalia","Nationlink"
"637","70","so","Somalia","Onkod"
"637","71","so","Somalia","Somtel"
"637","82","so","Somalia","Telcom Mobile"
"638","01","dj","Djibouti","Evatis"
"639","01","ke","Kenya","Safaricom"
"639","02","ke","Kenya","Safaricom"
"639","03","ke","Kenya","Airtel"
"639","04","ke","Kenya","Mobile Pay"
"639","05","ke","Kenya","Airtel"
"639","06","ke","Kenya","Finserve Africa"
"639","07","ke","Kenya","Telkom"
"639","09","ke","Kenya","Homeland Media"
"639","10","ke","Kenya","Jamii Telecommunications"
"639","11","ke","Kenya","Jambo Telcoms"
"639","12","ke","Kenya","Infura"
"639","299","ke","Kenya","eferio"
"640","01","tz","Tanzania","Tri Telecomm. Ltd."
"640","02","tz","Tanzania","Tigo / MIC"
"640","03","tz","Tanzania","Zanzibar Telecom / Zantel"
"640","04","tz","Tanzania","Vodacom"
"640","05","tz","Tanzania","Airtel"
"640","06","tz","Tanzania","Dovetel (T) Ltd"
"640","07","tz","Tanzania","Tanzania Telecommunication Corporation"
"640","08","tz","Tanzania","Benson Informatics Ltd"
"640","09","tz","Tanzania","Halotel / Viettel"
"640","11","tz","Tanzania","Smile Communications"
"640","13","tz","Tanzania","WiAfrica"
"640","14","tz","Tanzania","MO Mobile"
"640","99","tz","Tanzania","Mkulima African Telecommunication"
"641","01","ug","Uganda","Airtel"
"641","04","ug","Uganda","Lycamobile"
"641","10","ug","Uganda","MTN"
"641","11","ug","Uganda","Mango"
"641","14","ug","Uganda","Orange"
"641","18","ug","Uganda","Suretelecom Uganda Ltd"
"641","22","ug","Uganda","Airtel"
"641","30","ug","Uganda","K2 Telecom Ltd"
"641","33","ug","Uganda","Smile"
"641","66","ug","Uganda","i-Tel Ltd"
"641","999","ug","Uganda","Fix Line"
"642","01","bi","Burundi","Leo"
"642","02","bi","Burundi","Africel / Safaris"
"642","03","bi","Burundi","ONAMOB"
"642","07","bi","Burundi","Smart"
"642","08","bi","Burundi","Lumitel"
"642","82","bi","Burundi","Leo"
"642","999","bi","Burundi","Fix	Line"
"643","01","mz","Mozambique","TMCEL"
"643","03","mz","Mozambique","Movitel"
"643","04","mz","Mozambique","Vodacom"
"645","01","zm","Zambia","Airtel"
"645","02","zm","Zambia","MTN"
"645","03","zm","Zambia","Zamtel"
"645","299","zm","Zambia","Failed Calls"
"646","01","mg","Madagascar","Airtel"
"646","02","mg","Madagascar","Orange"
"646","03","mg","Madagascar","Sacel"
"646","04","mg","Madagascar","Telma"
"646","299","mg","Madagascar","Bip"
"647","00","re","Reunion","Orange"
"647","01","yt","Mayotte","Maore Mobile"
"647","02","re","Reunion","Only"
"647","03","re","Reunion","Only"
"647","04","re","Reunion","ZEOP Mobile"
"647","10","yt","Mayotte","SFR"
"648","01","zw","Zimbabwe","NetOne"
"648","03","zw","Zimbabwe","Telecel"
"648","04","zw","Zimbabwe","Econet"
"649","01","na","Namibia","MTC"
"649","02","na","Namibia","Switch/Nam. Telec."
"649","03","na","Namibia","TN Mobile"
"649","299","na","Namibia","Demshi"
"650","01","mw","Malawi","TNM"
"650","10","mw","Malawi","Airtel"
"651","01","ls","Lesotho","Vodacom"
"651","02","ls","Lesotho","Econet"
"652","01","bw","Botswana","Mascom"
"652","02","bw","Botswana","Orange"
"652","04","bw","Botswana","beMobile"
"653","01","sz","Swaziland","EswatiniTelecom"
"653","02","sz","Swaziland","Eswatini Mobile"
"653","10","sz","Swaziland","Swazi MTN"
"654","01","km","Comoros","HURI"
"654","02","km","Comoros","Telma"
"654","299","km","Comoros","Failed Calls"
"655","01","za","South Africa","Vodacom"
"655","02","za","South Africa","Telkom"
"655","05","za","South Africa","Telkom"
"655","06","za","South Africa","Sentech"
"655","07","za","South Africa","Cell C"
"655","10","za","South Africa","MTN"
"655","12","za","South Africa","MTN"
"655","19","za","South Africa","Rain"
"655","21","za","South Africa","Cape Town Metropolitan"
"655","299","za","South Africa","Lycamobile"
"655","38","za","South Africa","Rain"
"655","73","za","South Africa","Rain"
"655","74","za","South Africa","Rain"
"657","01","er","Eritrea","Eritel"
"658","299","sh","Saint Helena and Ascension and Tristan da Cunha","Failed Calls"
"659","02","ss","South Sudan","MTN"
"659","03","ss","South Sudan","Gemtel Ltd (South Sudan"
"659","04","ss","South Sudan","Network of The World Ltd (NOW) (South Sudan"
"659","06","ss","South Sudan","Zain"
"659","299","ss","South Sudan","Digitel"
"702","099","bz","Belize","Smart"
"702","299","bz","Belize","Failed Calls"
"702","67","bz","Belize","DigiCell"
"702","68","bz","Belize","International Telco (INTELCO)"
"702","69","bz","Belize","Smart"
"704","01","gt","Guatemala","Claro"
"704","02","gt","Guatemala","TIGO/COMCEL"
"704","03","gt","Guatemala","Telefonica"
"706","01","sv","El Salvador","CLARO/CTE"
"706","02","sv","El Salvador","Digicel"
"706","03","sv","El Salvador","Telemovil"
"706","04","sv","El Salvador","Telefonica"
"706","05","sv","El Salvador","INTELFON SA de CV"
"708","001","hn","Honduras","SERCOM/CLARO"
"708","002","hn","Honduras","Telefonica/CELTEL"
"708","030","hn","Honduras","HonduTel"
"708","040","hn","Honduras","Digicel"
"710","21","ni","Nicaragua","Empresa Nicaraguense de Telecomunicaciones SA (ENITEL)"
"710","30","ni","Nicaragua","Movistar"
"710","73","ni","Nicaragua","Claro"
"710","999","ni","Nicaragua","Fix Line"
"712","01","cr","Costa Rica","ICE"
"712","02","cr","Costa Rica","ICE"
"712","03","cr","Costa Rica","Claro"
"712","04","cr","Costa Rica","Movistar"
"712","20","cr","Costa Rica","Virtualis"
"712","999","cr","Costa Rica","Fix Line"
"714","01","pa","Panama","Cable & W./Mas Movil"
"714","02","pa","Panama","Movistar"
"714","020","pa","Panama","Movistar"
"714","03","pa","Panama","Claro"
"714","04","pa","Panama","Digicel"
"714","999","pa","Panama","Fix Line"
"716","01","pe","Peru","GlobalStar"
"716","02","pe","Peru","GlobalStar"
"716","06","pe","Peru","Movistar"
"716","07","pe","Peru","Nextel"
"716","10","pe","Peru","Claro /Amer.Mov./TIM"
"716","15","pe","Peru","Viettel Mobile"
"716","17","pe","Peru","Nextel"
"716","20","pe","Peru","Claro /Amer.Mov./TIM"
"722","007","ar","Argentina","Movistar"
"722","010","ar","Argentina","Movistar"
"722","020","ar","Argentina","Nextel"
"722","031","ar","Argentina","Claro"
"722","034","ar","Argentina","Personal"
"722","070","ar","Argentina","Movistar"
"722","299","ar","Argentina","Telecentro"
"722","310","ar","Argentina","Claro"
"722","320","ar","Argentina","Claro"
"722","330","ar","Argentina","Claro"
"722","340","ar","Argentina","Personal"
"722","341","ar","Argentina","Personal"
"722","999","ar","Argentina","Fix Line"
"724","00","br","Brazil","Nextel (Telet)"
"724","01","br","Brazil","Vivo S.A./Telemig"
"724","02","br","Brazil","TIM"
"724","03","br","Brazil","TIM"
"724","04","br","Brazil","TIM"
"724","05","br","Brazil","Claro/Albra/America Movil"
"724","06","br","Brazil","Vivo S.A./Telemig"
"724","07","br","Brazil","CTBC/Triangulo"
"724","08","br","Brazil","TIM"
"724","10","br","Brazil","Vivo S.A./Telemig"
"724","11","br","Brazil","Vivo S.A./Telemig"
"724","12","br","Brazil","Claro/Albra/America Movil"
"724","15","br","Brazil","Sercontel Cel"
"724","16","br","Brazil","Brazil Telcom"
"724","19","br","Brazil","Vivo S.A./Telemig"
"724","23","br","Brazil","Vivo S.A./Telemig"
"724","24","br","Brazil","Amazonia Celular S/A"
"724","26","br","Brazil","AmericaNet"
"724","30","br","Brazil","Oi (TNL PCS / Oi)"
"724","31","br","Brazil","Oi (TNL PCS / Oi)"
"724","32","br","Brazil","CTBC Celular SA (CTBC)"
"724","33","br","Brazil","CTBC Celular SA (CTBC)"
"724","34","br","Brazil","CTBC Celular SA (CTBC)"
"724","37","br","Brazil","Unicel do Brasil Telecomunicacoes Ltda"
"724","38","br","Brazil","Claro/Albra/America Movil"
"724","39","br","Brazil","Nextel (Telet)"
"724","54","br","Brazil","PORTO SEGURO TELECOMUNICACOES"
"730","00","cl","Chile","TESAM SA"
"730","01","cl","Chile","Entel Telefonia Mov"
"730","02","cl","Chile","TELEFONICA"
"730","03","cl","Chile","Claro"
"730","04","cl","Chile","Nextel SA"
"730","05","cl","Chile","Nextel SA"
"730","06","cl","Chile","Blue Two Chile SA"
"730","07","cl","Chile","TELEFONICA"
"730","08","cl","Chile","VTR Banda Ancha SA"
"730","09","cl","Chile","Nextel SA"
"730","10","cl","Chile","Entel Telefonia"
"730","11","cl","Chile","Celupago SA"
"730","12","cl","Chile","Telestar Movil SA"
"730","13","cl","Chile","Tribe Mobile SPA"
"730","14","cl","Chile","Netline Telefonica Movil Ltda"
"730","15","cl","Chile","Cibeles Telecom SA"
"730","19","cl","Chile","Sociedad Falabella Movil SPA"
"732","001","co","Colombia","Movistar"
"732","002","co","Colombia","Edatel"
"732","020","co","Colombia","UNE"
"732","101","co","Colombia","Claro"
"732","102","co","Colombia","Movistar"
"732","103","co","Colombia","Tigo"
"732","111","co","Colombia","Tigo"
"732","123","co","Colombia","Movistar"
"732","130","co","Colombia","Avantel"
"732","142","co","Colombia","UNE"
"732","154","co","Colombia","Virgin Mobile"
"732","165","co","Colombia","Tigo"
"732","187","co","Colombia","eTb"
"732","199","co","Colombia","SUMA movil"
"732","220","co","Colombia","Libre Tecnologias"
"732","230","co","Colombia","Setroc Mobile"
"732","240","co","Colombia","Flash Mobile"
"732","299","co","Colombia","ATnet"
"732","360","co","Colombia","WOM"
"732","666","co","Colombia","Claro"
"732","999","co","Colombia","Fix Line"
"734","01","ve","Venezuela","DigiTel C.A."
"734","02","ve","Venezuela","DigiTel C.A."
"734","03","ve","Venezuela","DigiTel C.A."
"734","04","ve","Venezuela","Movistar/TelCel"
"734","06","ve","Venezuela","Movilnet C.A."
"736","01","bo","Bolivia","Viva/Nuevatel"
"736","02","bo","Bolivia","Entel Pcs"
"736","03","bo","Bolivia","Tigo"
"738","01","gy","Guyana","DigiCel"
"738","02","gy","Guyana","Cellink Plus"
"740","00","ec","Ecuador","MOVISTAR/OteCel"
"740","000","ec","Ecuador","Failed Call(s)"
"740","01","ec","Ecuador","Claro/Porta"
"740","02","ec","Ecuador","CNT Mobile"
"740","03","ec","Ecuador","Tuenti"
"744","01","py","Paraguay","Hola/VOX"
"744","02","py","Paraguay","Claro/Hutchison"
"744","03","py","Paraguay","Compa"
"744","04","py","Paraguay","Tigo/Telecel"
"744","05","py","Paraguay","TIM/Nucleo/Personal"
"746","01","sr","Suriname","Telesur"
"746","02","sr","Suriname","Telecommunicatiebedrijf Suriname (TELESUR)"
"746","03","sr","Suriname","Digicel"
"746","04","sr","Suriname","UNIQA"
"746","999","sr","Suriname","Fix Line"
"748","00","uy","Uruguay","Ancel/Antel"
"748","01","uy","Uruguay","Ancel/Antel"
"748","03","uy","Uruguay","Ancel/Antel"
"748","07","uy","Uruguay","MOVISTAR"
"748","10","uy","Uruguay","Claro/AM Wireless"
"750","001","fk","Falkland Islands","Sure"
"901","05","n/a","Satellite Networks","Thuraya Satellite"
"901","11","n/a","Satellite Networks","InMarSAT"
"901","12","n/a","Satellite Networks","Maritime Communications Partner AS"
"901","13","n/a","International Networks","Antarctica"
"901","14","n/a","Satellite Networks","AeroMobile"
